sha,date,git_rev,hostname,conf_file,dataset,dataset_params,dataset_version,queryset,queryset_params,queryset_version,algorithm,algorithm_params,algorithm_version,index_size_bytes,is_estimate,output_throughput_ints_ns,queryset_n,time_queries,time_index,total_time,algorithm_wpar,qps,output_throughput
a19965cb0f35f8e11d64911063b62fab6602211f4e9a7b3dd2f69934c96a1bf3,2020-09-23T20:39:08Z,86cf4b7,ironmaiden,experiments/all.yml,random-clustered-zipf,seed=123 n=10000000 start_n=10 start_high=10000000 start_stddev=100000 dur_n=10000000 dur_beta=1,3,random-None-uniform-uniform,seed=23512 n=5000  durmin_low=1 durmin_high=100 durmax_low=1 durmax_high=100,4,BTree,,5,24,0,0.598097053432602,5000,4510,2362,6872,BTree.,1108.64745011086,598097053.432602
02e424bac7c9b72118fe9b8d10bae5f43f1996b17f8e43db12a4af9281e00b79,2020-09-23T20:50:44Z,86cf4b7,ironmaiden,experiments/all.yml,random-clustered-zipf,seed=123 n=10000000 start_n=10 start_high=10000000 start_stddev=100000 dur_n=10000000 dur_beta=1,3,random-None-uniform-uniform,seed=23512 n=5000  durmin_low=1 durmin_high=100 durmax_low=1 durmax_high=100,4,grid,n_buckets=64,6,98440,0,0.017791935087225815,5000,151568,12248,163816,grid.n_buckets=64,32.9884936134276,17791935.0872258
317667b59dc13dc1dc58a960cd29c5fee6aedfeb8ad9b923d9db080542261313,2020-09-23T20:57:36Z,86cf4b7,ironmaiden,experiments/all.yml,random-clustered-zipf,seed=123 n=10000000 start_n=10 start_high=10000000 start_stddev=100000 dur_n=10000000 dur_beta=1,3,random-None-uniform-uniform,seed=23512 n=5000  durmin_low=1 durmin_high=100 durmax_low=1 durmax_high=100,4,grid3D,n_buckets=128,6,14448,0,0.3051593023990922,5000,8838,9491,18329,grid3D.n_buckets=128,565.738854944557,305159302.399092
23724aa3ded9d91462ee7134e8c903029f2c3b21677a204805b67452282b8bb0,2020-09-23T20:40:11Z,86cf4b7,ironmaiden,experiments/all.yml,random-clustered-zipf,seed=123 n=10000000 start_n=10 start_high=10000000 start_stddev=100000 dur_n=10000000 dur_beta=1,3,random-None-uniform-uniform,seed=23512 n=5000  durmin_low=1 durmin_high=100 durmax_low=1 durmax_high=100,4,interval-tree,,5,16,0,0.009133245861076916,5000,295258,2715,297973,interval-tree.,16.9343421685441,9133245.86107692
c9b30cb9984e8e691ee4985d7ed0d2e73979a8181cf52dced1944b7bb7ad1878,2020-09-23T20:39:16Z,86cf4b7,ironmaiden,experiments/all.yml,random-clustered-zipf,seed=123 n=10000000 start_n=10 start_high=10000000 start_stddev=100000 dur_n=10000000 dur_beta=1,3,random-None-uniform-uniform,seed=23512 n=5000  durmin_low=1 durmin_high=100 durmax_low=1 durmax_high=100,4,NestedBTree,,4,24,0,0.06820296701705311,5000,39540,5962,45502,NestedBTree.,126.454223571067,68202967.0170531
c65c4127b4e89b2c414aa8bd3fabdcae6a38a3bc2239fec584fcdc280660a5ee,2020-09-23T20:40:03Z,86cf4b7,ironmaiden,experiments/all.yml,random-clustered-zipf,seed=123 n=10000000 start_n=10 start_high=10000000 start_stddev=100000 dur_n=10000000 dur_beta=1,3,random-None-uniform-uniform,seed=23512 n=5000  durmin_low=1 durmin_high=100 durmax_low=1 durmax_high=100,4,NestedVecs,,5,58720304,0,0.4749473308518868,5000,5679,811,6490,NestedVecs.,880.436696601514,474947330.851887
ce4993300a7be15a69a9b8c8416359e3c2fd7174bf0d01df51b78c92d848d5eb,2020-09-23T21:02:35Z,86cf4b7,ironmaiden,experiments/all.yml,random-clustered-zipf,seed=123 n=10000000 start_n=10 start_high=10000000 start_stddev=100000 dur_n=10000000 dur_beta=1,3,random-None-uniform-uniform,seed=23512 n=5000  durmin_low=1 durmin_high=100 durmax_low=1 durmax_high=100,4,period-index-*,n_buckets=2048 max_levels=4,7,180288,0,0.021112242531052098,5000,127732,109300,237032,period-index-*.n_buckets=2048 max_levels=4,39.1444587104249,21112242.5310521
6a6f2bff63b1842ec2f5892275847c4e9ec8a5f3e53ca61cad9c5a8133d296d6,2020-09-23T21:26:45Z,86cf4b7,ironmaiden,experiments/all.yml,random-clustered-zipf,seed=123 n=10000000 start_n=10 start_high=10000000 start_stddev=100000 dur_n=10000000 dur_beta=1,3,random-None-uniform-uniform,seed=23512 n=5000  durmin_low=1 durmin_high=100 durmax_low=1 durmax_high=100,4,period-index++,n_buckets=128,9,64,0,0.4134315229076958,5000,6525,153207,159732,period-index++.n_buckets=128,766.283524904215,413431522.907696
d175029dae5b28a7d41526c350fb6caede9acd8364e8c893f23e37eb7bad48e5,2020-09-23T19:43:26Z,86cf4b7,ironmaiden,experiments/all.yml,random-clustered-zipf,seed=123 n=10000000 start_n=10 start_high=10000000 start_stddev=100000 dur_n=10000000 dur_beta=1,3,random-None-uniform-uniform,seed=23512 n=5000  durmin_low=1 durmin_high=10000 durmax_low=1 durmax_high=10000,4,BTree,,5,24,0,0.5972336884595021,5000,4554,2453,7007,BTree.,1097.93588054458,597233688.459502
b3cc3b12f16ccd5c6a623a73bd007ae56a7532fd12e43ff94cde4b44b85e6a21,2020-09-23T19:55:54Z,86cf4b7,ironmaiden,experiments/all.yml,random-clustered-zipf,seed=123 n=10000000 start_n=10 start_high=10000000 start_stddev=100000 dur_n=10000000 dur_beta=1,3,random-None-uniform-uniform,seed=23512 n=5000  durmin_low=1 durmin_high=10000 durmax_low=1 durmax_high=10000,4,grid,n_buckets=128,6,393352,0,0.029463906708913943,5000,92264,12841,105105,grid.n_buckets=128,54.1923176970433,29463906.7089139
0d31eade14127e728d9edac18280d158194ef76377bdc2bbd682976fa7fbf799,2020-09-23T19:59:00Z,86cf4b7,ironmaiden,experiments/all.yml,random-clustered-zipf,seed=123 n=10000000 start_n=10 start_high=10000000 start_stddev=100000 dur_n=10000000 dur_beta=1,3,random-None-uniform-uniform,seed=23512 n=5000  durmin_low=1 durmin_high=10000 durmax_low=1 durmax_high=10000,4,grid3D,n_buckets=128,6,14448,0,0.2941037006125822,5000,9244,9498,18742,grid3D.n_buckets=128,540.891389009087,294103700.612582
99f9f19be677294ee7566ac0a804090f1678e7fe7393c5c3bfe5eed094dad454,2020-09-23T19:44:33Z,86cf4b7,ironmaiden,experiments/all.yml,random-clustered-zipf,seed=123 n=10000000 start_n=10 start_high=10000000 start_stddev=100000 dur_n=10000000 dur_beta=1,3,random-None-uniform-uniform,seed=23512 n=5000  durmin_low=1 durmin_high=10000 durmax_low=1 durmax_high=10000,4,interval-tree,,5,16,0,0.009298114137019121,5000,292349,2718,295067,interval-tree.,17.1028462556739,9298114.13701912
543198e84f3b9098a9dc8c558bf1656a3602742ffb34defd4a79ca0f84b09acc,2020-09-23T19:43:34Z,86cf4b7,ironmaiden,experiments/all.yml,random-clustered-zipf,seed=123 n=10000000 start_n=10 start_high=10000000 start_stddev=100000 dur_n=10000000 dur_beta=1,3,random-None-uniform-uniform,seed=23512 n=5000  durmin_low=1 durmin_high=10000 durmax_low=1 durmax_high=10000,4,NestedBTree,,4,24,0,0.0625300164682407,5000,43473,5551,49024,NestedBTree.,115.013916683919,62530016.4682407
e983c89b735ca35941f5a5633e093c5f82750d41dd63f7895122240c5cab6107,2020-09-23T19:44:25Z,86cf4b7,ironmaiden,experiments/all.yml,random-clustered-zipf,seed=123 n=10000000 start_n=10 start_high=10000000 start_stddev=100000 dur_n=10000000 dur_beta=1,3,random-None-uniform-uniform,seed=23512 n=5000  durmin_low=1 durmin_high=10000 durmax_low=1 durmax_high=10000,4,NestedVecs,,5,58720304,0,0.4438161196858389,5000,6126,824,6950,NestedVecs.,816.193274567418,443816119.685839
735a08982e3e9cd45665b8047aca1361e0818dcdeea8d84df968791ffff29ab3,2020-09-23T20:36:23Z,86cf4b7,ironmaiden,experiments/all.yml,random-clustered-zipf,seed=123 n=10000000 start_n=10 start_high=10000000 start_stddev=100000 dur_n=10000000 dur_beta=1,3,random-None-uniform-uniform,seed=23512 n=5000  durmin_low=1 durmin_high=10000 durmax_low=1 durmax_high=10000,4,period-index++,n_buckets=128,9,64,0,0.407255606407891,5000,6677,156933,163610,period-index++.n_buckets=128,748.839299086416,407255606.407891
117e43943280599ad1da06318c40311b0af0269fb0d0785bf0491a9dcdb98bb4,2020-09-23T19:14:50Z,86cf4b7,ironmaiden,experiments/all.yml,random-clustered-zipf,seed=123 n=10000000 start_n=10 start_high=10000000 start_stddev=100000 dur_n=10000000 dur_beta=1,3,random-uniform-zipf-None,seed=23512 n=5000 start_low=1 start_high=10000000 dur_n=10000000 dur_beta=1 ,4,grid,n_buckets=128,6,393352,0,0.5028101681106988,5000,9415,13633,23048,grid.n_buckets=128,531.067445565587,502810168.110699
2b9d1c1bc0ac7476a38384ee0bb7f9957fa477dc255b755de0bfea1523b0af89,2020-09-23T19:16:01Z,86cf4b7,ironmaiden,experiments/all.yml,random-clustered-zipf,seed=123 n=10000000 start_n=10 start_high=10000000 start_stddev=100000 dur_n=10000000 dur_beta=1,3,random-uniform-zipf-None,seed=23512 n=5000 start_low=1 start_high=10000000 dur_n=10000000 dur_beta=1 ,4,grid3D,n_buckets=64,6,7280,0,0.4469973236931095,5000,10590,9766,20356,grid3D.n_buckets=64,472.143531633617,446997323.693109
7d78e6252675ba47f01135d8a5c8b7fda3cb6eb6afd8ea79742999283950b1d4,2020-09-23T19:13:15Z,86cf4b7,ironmaiden,experiments/all.yml,random-clustered-zipf,seed=123 n=10000000 start_n=10 start_high=10000000 start_stddev=100000 dur_n=10000000 dur_beta=1,3,random-uniform-zipf-None,seed=23512 n=5000 start_low=1 start_high=10000000 dur_n=10000000 dur_beta=1 ,4,interval-tree,,5,16,0,0.27365301555957827,5000,17297,2713,20010,interval-tree.,289.067468347112,273653015.559578
ead255273278c74e5b83f006b98cf7f03b7ba4652db15731b6b8db27cc4820f7,2020-09-23T19:11:17Z,86cf4b7,ironmaiden,experiments/all.yml,random-clustered-zipf,seed=123 n=10000000 start_n=10 start_high=10000000 start_stddev=100000 dur_n=10000000 dur_beta=1,3,random-uniform-zipf-None,seed=23512 n=5000 start_low=1 start_high=10000000 dur_n=10000000 dur_beta=1 ,4,NestedVecs,,5,58720304,0,0.04088625782458376,5000,115762,811,116573,NestedVecs.,43.1920664812287,40886257.8245838
6102285c8a6dd54c9d7d1a11461f9b9e03f9eeb73f1d2a1217f40dd06eaed2cb,2020-09-23T19:36:05Z,86cf4b7,ironmaiden,experiments/all.yml,random-clustered-zipf,seed=123 n=10000000 start_n=10 start_high=10000000 start_stddev=100000 dur_n=10000000 dur_beta=1,3,random-uniform-zipf-None,seed=23512 n=5000 start_low=1 start_high=10000000 dur_n=10000000 dur_beta=1 ,4,period-index++,n_buckets=32,9,64,0,0.44220897525909225,5000,10705,23307,34012,period-index++.n_buckets=32,467.071461933676,442208975.259092
e5a90d5baffbf78f21c46f73a088a2970f9655b813c3806ad9e466f3853bfd24,2020-09-23T18:44:07Z,86cf4b7,ironmaiden,experiments/all.yml,random-clustered-zipf,seed=123 n=10000000 start_n=10 start_high=10000000 start_stddev=100000 dur_n=10000000 dur_beta=1,3,random-uniform-zipf-uniform-uniform,seed=23512 n=5000 start_low=1 start_high=10000000 dur_n=10000000 dur_beta=1 durmin_low=1 durmin_high=100 durmax_low=1 durmax_high=100,4,BTree,,5,24,0,0.029805074429217423,5000,3351,2344,5695,BTree.,1492.09191286183,29805074.4292174
c6fe82245b029ae5d052bf7edd7c6c0084cf3c817517c81b156e98a451c1d351,2020-09-23T18:45:59Z,86cf4b7,ironmaiden,experiments/all.yml,random-clustered-zipf,seed=123 n=10000000 start_n=10 start_high=10000000 start_stddev=100000 dur_n=10000000 dur_beta=1,3,random-uniform-zipf-uniform-uniform,seed=23512 n=5000 start_low=1 start_high=10000000 dur_n=10000000 dur_beta=1 durmin_low=1 durmin_high=100 durmax_low=1 durmax_high=100,4,grid,n_buckets=128,6,393352,0,0.010194972643604484,5000,9795,12695,22490,grid.n_buckets=128,510.464522715671,10194972.6436045
94a1657f8688d916d88b89999b7dff4b3b8da38317f0efdbaa91b75d6843d3ac,2020-09-23T18:47:01Z,86cf4b7,ironmaiden,experiments/all.yml,random-clustered-zipf,seed=123 n=10000000 start_n=10 start_high=10000000 start_stddev=100000 dur_n=10000000 dur_beta=1,3,random-uniform-zipf-uniform-uniform,seed=23512 n=5000 start_low=1 start_high=10000000 dur_n=10000000 dur_beta=1 durmin_low=1 durmin_high=100 durmax_low=1 durmax_high=100,4,grid3D,n_buckets=128,6,14448,0,0.25411150368698876,5000,394,9699,10093,grid3D.n_buckets=128,12690.3553299492,254111503.686989
1c3933a55863e51fec83783e490804cbbaa61015ad43efa73a1d2b966acddd3b,2020-09-23T18:44:24Z,86cf4b7,ironmaiden,experiments/all.yml,random-clustered-zipf,seed=123 n=10000000 start_n=10 start_high=10000000 start_stddev=100000 dur_n=10000000 dur_beta=1,3,random-uniform-zipf-uniform-uniform,seed=23512 n=5000 start_low=1 start_high=10000000 dur_n=10000000 dur_beta=1 durmin_low=1 durmin_high=100 durmax_low=1 durmax_high=100,4,interval-tree,,5,16,0,0.006541424076099342,5000,15265,2680,17945,interval-tree.,327.546675401245,6541424.07609934
fe2d19efc34988631faca5939934b014d63a06e302fb49dcf52e53cff2eb9e96,2020-09-23T18:44:14Z,86cf4b7,ironmaiden,experiments/all.yml,random-clustered-zipf,seed=123 n=10000000 start_n=10 start_high=10000000 start_stddev=100000 dur_n=10000000 dur_beta=1,3,random-uniform-zipf-uniform-uniform,seed=23512 n=5000 start_low=1 start_high=10000000 dur_n=10000000 dur_beta=1 durmin_low=1 durmin_high=100 durmax_low=1 durmax_high=100,4,NestedBTree,,4,24,0,0.06375033782328851,5000,1567,5677,7244,NestedBTree.,3190.81046585833,63750337.8232885
25edbe05135fc84961312232fa733adef6421459a992f8cab163300b465e8087,2020-09-23T18:44:23Z,86cf4b7,ironmaiden,experiments/all.yml,random-clustered-zipf,seed=123 n=10000000 start_n=10 start_high=10000000 start_stddev=100000 dur_n=10000000 dur_beta=1,3,random-uniform-zipf-uniform-uniform,seed=23512 n=5000 start_low=1 start_high=10000000 dur_n=10000000 dur_beta=1 durmin_low=1 durmin_high=100 durmax_low=1 durmax_high=100,4,NestedVecs,,5,58720304,0,0.4543588814417489,5000,221,781,1002,NestedVecs.,22624.4343891403,454358881.441749
e85509d99e6cd6c569833a2a0c4be610e33d24dd6a3b1f7cf5cfb3444595dd16,2020-09-23T18:49:29Z,86cf4b7,ironmaiden,experiments/all.yml,random-clustered-zipf,seed=123 n=10000000 start_n=10 start_high=10000000 start_stddev=100000 dur_n=10000000 dur_beta=1,3,random-uniform-zipf-uniform-uniform,seed=23512 n=5000 start_low=1 start_high=10000000 dur_n=10000000 dur_beta=1 durmin_low=1 durmin_high=100 durmax_low=1 durmax_high=100,4,period-index-*,n_buckets=2048 max_levels=4,7,180288,0,0.017408410863620462,5000,5737,110055,115792,period-index-*.n_buckets=2048 max_levels=4,871.535645807914,17408410.8636205
b7081f25744945a53b13ec7e8585a3806920abd78a7b571a8c89ff37579df221,2020-09-23T19:06:09Z,86cf4b7,ironmaiden,experiments/all.yml,random-clustered-zipf,seed=123 n=10000000 start_n=10 start_high=10000000 start_stddev=100000 dur_n=10000000 dur_beta=1,3,random-uniform-zipf-uniform-uniform,seed=23512 n=5000 start_low=1 start_high=10000000 dur_n=10000000 dur_beta=1 durmin_low=1 durmin_high=100 durmax_low=1 durmax_high=100,4,period-index++,n_buckets=100,9,64,0,0.24860668515030634,5000,403,107007,107410,period-index++.n_buckets=100,12406.9478908189,248606685.150306
1a449990eed6db4018b13c543a0cfd62908400cacf7f2d96b1c9daaee438861c,2020-09-23T18:11:24Z,86cf4b7,ironmaiden,experiments/all.yml,random-clustered-zipf,seed=123 n=10000000 start_n=10 start_high=10000000 start_stddev=100000 dur_n=10000000 dur_beta=1,3,random-uniform-zipf-uniform-uniform,seed=23512 n=5000 start_low=1 start_high=10000000 dur_n=10000000 dur_beta=1 durmin_low=1 durmin_high=10000 durmax_low=1 durmax_high=10000,4,BTree,,5,24,0,0.018089707739403414,5000,5621,2344,7965,BTree.,889.521437466643,18089707.7394034
33116285158d62f0cf80a4749b487a6cefcfd85b7d8eb87894339e9ce9452e1d,2020-09-23T18:13:17Z,86cf4b7,ironmaiden,experiments/all.yml,random-clustered-zipf,seed=123 n=10000000 start_n=10 start_high=10000000 start_stddev=100000 dur_n=10000000 dur_beta=1,3,random-uniform-zipf-uniform-uniform,seed=23512 n=5000 start_low=1 start_high=10000000 dur_n=10000000 dur_beta=1 durmin_low=1 durmin_high=10000 durmax_low=1 durmax_high=10000,4,grid,n_buckets=128,6,393352,0,0.014283930183823096,5000,7119,12577,19696,grid.n_buckets=128,702.345835089198,14283930.1838231
af4d19ac240d60c61663931fec1d811a78d9d93933494a65f12d8ba7533abfca,2020-09-23T18:14:05Z,86cf4b7,ironmaiden,experiments/all.yml,random-clustered-zipf,seed=123 n=10000000 start_n=10 start_high=10000000 start_stddev=100000 dur_n=10000000 dur_beta=1,3,random-uniform-zipf-uniform-uniform,seed=23512 n=5000 start_low=1 start_high=10000000 dur_n=10000000 dur_beta=1 durmin_low=1 durmin_high=10000 durmax_low=1 durmax_high=10000,4,grid3D,n_buckets=64,6,7280,0,0.24395346086493638,5000,418,9770,10188,grid3D.n_buckets=64,11961.7224880383,243953460.864936
3b50b363b6633529b9ab3a9a2952856056d8f055b310009af3f0b6c9d923fc14,2020-09-23T18:11:48Z,86cf4b7,ironmaiden,experiments/all.yml,random-clustered-zipf,seed=123 n=10000000 start_n=10 start_high=10000000 start_stddev=100000 dur_n=10000000 dur_beta=1,3,random-uniform-zipf-uniform-uniform,seed=23512 n=5000 start_low=1 start_high=10000000 dur_n=10000000 dur_beta=1 durmin_low=1 durmin_high=10000 durmax_low=1 durmax_high=10000,4,interval-tree,,5,16,0,0.006908287510303378,5000,14718,2682,17400,interval-tree.,339.720070661775,6908287.51030338
86485e82b5cb3ee74568a38b3627f3cc3b47754563064e48cf4bafbba8994150,2020-09-23T18:11:33Z,86cf4b7,ironmaiden,experiments/all.yml,random-clustered-zipf,seed=123 n=10000000 start_n=10 start_high=10000000 start_stddev=100000 dur_n=10000000 dur_beta=1,3,random-uniform-zipf-uniform-uniform,seed=23512 n=5000 start_low=1 start_high=10000000 dur_n=10000000 dur_beta=1 durmin_low=1 durmin_high=10000 durmax_low=1 durmax_high=10000,4,NestedBTree,,4,24,0,0.021590238985980482,5000,4710,5626,10336,NestedBTree.,1061.57112526539,21590238.9859805
fb36e9d387f1f3338f16cefb2773b636dfdfdb6847dd56e9d5fc4889ba54905e,2020-09-23T18:11:46Z,86cf4b7,ironmaiden,experiments/all.yml,random-clustered-zipf,seed=123 n=10000000 start_n=10 start_high=10000000 start_stddev=100000 dur_n=10000000 dur_beta=1,3,random-uniform-zipf-uniform-uniform,seed=23512 n=5000 start_low=1 start_high=10000000 dur_n=10000000 dur_beta=1 durmin_low=1 durmin_high=10000 durmax_low=1 durmax_high=10000,4,NestedVecs,,5,58720304,0,0.10180809215622706,5000,1000,823,1823,NestedVecs.,5000,101808092.156227
a792369f319b2c2ce279f3682555b4822838686ddcf03307216d412bf4018353,2020-09-23T18:17:53Z,86cf4b7,ironmaiden,experiments/all.yml,random-clustered-zipf,seed=123 n=10000000 start_n=10 start_high=10000000 start_stddev=100000 dur_n=10000000 dur_beta=1,3,random-uniform-zipf-uniform-uniform,seed=23512 n=5000 start_low=1 start_high=10000000 dur_n=10000000 dur_beta=1 durmin_low=1 durmin_high=10000 durmax_low=1 durmax_high=10000,4,period-index-*,n_buckets=1024 max_levels=32,7,90176,0,6.929799082625149e-4,5000,146706,63465,210171,period-index-*.n_buckets=1024 max_levels=32,34.0817689801371,692979.908262515
965725ee3caea5f55acc79d1d8de2d3919c2fa474b9a4263d1fd9fe44a675419,2020-09-23T18:39:38Z,86cf4b7,ironmaiden,experiments/all.yml,random-clustered-zipf,seed=123 n=10000000 start_n=10 start_high=10000000 start_stddev=100000 dur_n=10000000 dur_beta=1,3,random-uniform-zipf-uniform-uniform,seed=23512 n=5000 start_low=1 start_high=10000000 dur_n=10000000 dur_beta=1 durmin_low=1 durmin_high=10000 durmax_low=1 durmax_high=10000,4,period-index++,n_buckets=100,9,64,0,0.23974311046108301,5000,425,108988,109413,period-index++.n_buckets=100,11764.7058823529,239743110.461083
052365b27e00f6ecdb48bb63373716bdb472e1789eb37eccd32f196c44070c40,2020-09-23T22:04:22Z,86cf4b7,ironmaiden,experiments/all.yml,random-clustered-zipf,seed=123 n=10000000 start_n=10 start_high=10000000 start_stddev=100000 dur_n=10000000 dur_beta=2,3,random-None-uniform-uniform,seed=23512 n=5000  durmin_low=1 durmin_high=100 durmax_low=1 durmax_high=100,4,BTree,,5,24,0,0.5980571650473909,5000,2407,301,2708,BTree.,2077.2746157042,598057165.047391
47dca80a64273142971ff962f15d266d7e90c8ab14e57a1e5c9ed0d2fa8e3f65,2020-09-23T22:06:14Z,86cf4b7,ironmaiden,experiments/all.yml,random-clustered-zipf,seed=123 n=10000000 start_n=10 start_high=10000000 start_stddev=100000 dur_n=10000000 dur_beta=2,3,random-None-uniform-uniform,seed=23512 n=5000  durmin_low=1 durmin_high=100 durmax_low=1 durmax_high=100,4,grid,n_buckets=32,6,24712,0,0.02902655956898001,5000,49571,11255,60826,grid.n_buckets=32,100.865425349499,29026559.56898
2b87b489e7cd390c8b3ea700ad343dd06d45d65e996865d00072d327dd8efa7c,2020-09-23T22:10:34Z,86cf4b7,ironmaiden,experiments/all.yml,random-clustered-zipf,seed=123 n=10000000 start_n=10 start_high=10000000 start_stddev=100000 dur_n=10000000 dur_beta=2,3,random-None-uniform-uniform,seed=23512 n=5000  durmin_low=1 durmin_high=100 durmax_low=1 durmax_high=100,4,grid3D,n_buckets=128,6,14448,0,0.2517372674230434,5000,5717,11147,16864,grid3D.n_buckets=128,874.584572328144,251737267.423043
270c4fd4e4666911fbbb43071baf44f3dd1eb40fd707ad0dbc589ee95d29f834,2020-09-23T22:04:25Z,86cf4b7,ironmaiden,experiments/all.yml,random-clustered-zipf,seed=123 n=10000000 start_n=10 start_high=10000000 start_stddev=100000 dur_n=10000000 dur_beta=2,3,random-None-uniform-uniform,seed=23512 n=5000  durmin_low=1 durmin_high=100 durmax_low=1 durmax_high=100,4,NestedBTree,,4,24,0,0.08463324221003744,5000,17002,3499,20501,NestedBTree.,294.083049053053,84633242.2100374
edc4a93028bb1ae8d8716b397546fff62d66b197f663713976f33f9dd080892f,2020-09-23T22:04:47Z,86cf4b7,ironmaiden,experiments/all.yml,random-clustered-zipf,seed=123 n=10000000 start_n=10 start_high=10000000 start_stddev=100000 dur_n=10000000 dur_beta=2,3,random-None-uniform-uniform,seed=23512 n=5000  durmin_low=1 durmin_high=100 durmax_low=1 durmax_high=100,4,NestedVecs,,5,229424,0,0.39706022370170085,5000,3625,805,4430,NestedVecs.,1379.31034482759,397060223.701701
bc7798b43392d1db9489b1415899c163097c5f7714a072e76bceded4d7b3ffda,2020-09-23T22:10:53Z,86cf4b7,ironmaiden,experiments/all.yml,random-clustered-zipf,seed=123 n=10000000 start_n=10 start_high=10000000 start_stddev=100000 dur_n=10000000 dur_beta=2,3,random-None-uniform-uniform,seed=23512 n=5000  durmin_low=1 durmin_high=100 durmax_low=1 durmax_high=100,4,period-index-*,n_buckets=1024 max_levels=4,7,90176,0,0.023309970353915365,5000,61727,3700,65427,period-index-*.n_buckets=1024 max_levels=4,81.0018306413725,23309970.3539154
460153537f874dbd0e21a91d1769f8d03fbdf44ca1b5f399007fa068f364d0bd,2020-09-23T22:19:47Z,86cf4b7,ironmaiden,experiments/all.yml,random-clustered-zipf,seed=123 n=10000000 start_n=10 start_high=10000000 start_stddev=100000 dur_n=10000000 dur_beta=2,3,random-None-uniform-uniform,seed=23512 n=5000  durmin_low=1 durmin_high=100 durmax_low=1 durmax_high=100,4,period-index++,n_buckets=128,9,64,0,0.34834637246267863,5000,4133,26627,30760,period-index++.n_buckets=128,1209.77498185338,348346372.462679
699f444a692fe8bc2a1e4c5c79bab544cec39059aae4a7c5b954da5baa73ebd5,2020-09-23T21:54:58Z,86cf4b7,ironmaiden,experiments/all.yml,random-clustered-zipf,seed=123 n=10000000 start_n=10 start_high=10000000 start_stddev=100000 dur_n=10000000 dur_beta=2,3,random-None-uniform-uniform,seed=23512 n=5000  durmin_low=1 durmin_high=10000 durmax_low=1 durmax_high=10000,4,BTree,,5,24,0,0.38437151291926863,5000,87,312,399,BTree.,57471.2643678161,384371512.919269
0ea80cb59bfe8a8674ab89de013f04a9087ca0b865d9ed8848e4e3f2b10a10f8,2020-09-23T21:55:22Z,86cf4b7,ironmaiden,experiments/all.yml,random-clustered-zipf,seed=123 n=10000000 start_n=10 start_high=10000000 start_stddev=100000 dur_n=10000000 dur_beta=2,3,random-None-uniform-uniform,seed=23512 n=5000  durmin_low=1 durmin_high=10000 durmax_low=1 durmax_high=10000,4,grid,n_buckets=16,6,6280,0,8.488509061559771e-4,5000,38916,12830,51746,grid.n_buckets=16,128.481858361599,848850.906155977
b5e8e0531241e7a50f66a3827087e50d992522e09aaa4be6c77f88300870a50e,2020-09-23T21:59:41Z,86cf4b7,ironmaiden,experiments/all.yml,random-clustered-zipf,seed=123 n=10000000 start_n=10 start_high=10000000 start_stddev=100000 dur_n=10000000 dur_beta=2,3,random-None-uniform-uniform,seed=23512 n=5000  durmin_low=1 durmin_high=10000 durmax_low=1 durmax_high=10000,4,grid3D,n_buckets=128,6,14448,0,0.03506162075175731,5000,943,11108,12051,grid3D.n_buckets=128,5302.22693531283,35061620.7517573
6e26d1995701221daed649d5e56497b4e4d5f59373ed4b683a74deb8ca20248e,2020-09-23T21:54:59Z,86cf4b7,ironmaiden,experiments/all.yml,random-clustered-zipf,seed=123 n=10000000 start_n=10 start_high=10000000 start_stddev=100000 dur_n=10000000 dur_beta=2,3,random-None-uniform-uniform,seed=23512 n=5000  durmin_low=1 durmin_high=10000 durmax_low=1 durmax_high=10000,4,NestedBTree,,4,24,0,0.06691768626860031,5000,497,3851,4348,NestedBTree.,10060.3621730382,66917686.2686003
25d3e767e0093b3227a34170ac3cf9b330d1f657e80500efda4ac8bf54286d99,2020-09-23T21:55:05Z,86cf4b7,ironmaiden,experiments/all.yml,random-clustered-zipf,seed=123 n=10000000 start_n=10 start_high=10000000 start_stddev=100000 dur_n=10000000 dur_beta=2,3,random-None-uniform-uniform,seed=23512 n=5000  durmin_low=1 durmin_high=10000 durmax_low=1 durmax_high=10000,4,NestedVecs,,5,229424,0,0.3272849291162098,5000,102,625,727,NestedVecs.,49019.6078431373,327284929.11621
ff0d7133aec0ffd745524392bf8c7f9ae75c23e84c54b6cbe36724417cddebb0,2020-09-23T22:00:07Z,86cf4b7,ironmaiden,experiments/all.yml,random-clustered-zipf,seed=123 n=10000000 start_n=10 start_high=10000000 start_stddev=100000 dur_n=10000000 dur_beta=2,3,random-None-uniform-uniform,seed=23512 n=5000  durmin_low=1 durmin_high=10000 durmax_low=1 durmax_high=10000,4,period-index-*,n_buckets=1024 max_levels=32,7,90176,0,0.013088728137956042,5000,2525,6407,8932,period-index-*.n_buckets=1024 max_levels=32,1980.19801980198,13088728.137956
fb89da81dc0adbeeab498b065d62de95eb258b344ba1aa663af78be1d9c086fc,2020-09-23T22:02:41Z,86cf4b7,ironmaiden,experiments/all.yml,random-clustered-zipf,seed=123 n=10000000 start_n=10 start_high=10000000 start_stddev=100000 dur_n=10000000 dur_beta=2,3,random-None-uniform-uniform,seed=23512 n=5000  durmin_low=1 durmin_high=10000 durmax_low=1 durmax_high=10000,4,period-index++,n_buckets=32,9,64,0,0.07110765037418451,5000,466,11938,12404,period-index++.n_buckets=32,10729.6137339056,71107650.3741845
e405f17d33f2dd1bc388b64ba9a2d533851e1ee51267dbe1f0380c076a5e515a,2020-09-23T21:42:41Z,86cf4b7,ironmaiden,experiments/all.yml,random-clustered-zipf,seed=123 n=10000000 start_n=10 start_high=10000000 start_stddev=100000 dur_n=10000000 dur_beta=2,3,random-uniform-zipf-None,seed=23512 n=5000 start_low=1 start_high=10000000 dur_n=10000000 dur_beta=1 ,4,BTree,,5,24,0,0.026563824207732973,5000,75457,308,75765,BTree.,66.2629047006905,26563824.207733
cd00c81a66ea77a18ee07f84f1b5890d5603344a5f8856c9c46160d8b40538f2,2020-09-23T21:46:03Z,86cf4b7,ironmaiden,experiments/all.yml,random-clustered-zipf,seed=123 n=10000000 start_n=10 start_high=10000000 start_stddev=100000 dur_n=10000000 dur_beta=2,3,random-uniform-zipf-None,seed=23512 n=5000 start_low=1 start_high=10000000 dur_n=10000000 dur_beta=1 ,4,grid,n_buckets=128,6,393352,0,0.4983215763179076,5000,4023,11507,15530,grid.n_buckets=128,1242.85359184688,498321576.317908
55cbd47d07934be88b15424fbca5d12a3bdafe31dc540620d4da7f9b19630a67,2020-09-23T21:47:15Z,86cf4b7,ironmaiden,experiments/all.yml,random-clustered-zipf,seed=123 n=10000000 start_n=10 start_high=10000000 start_stddev=100000 dur_n=10000000 dur_beta=2,3,random-uniform-zipf-None,seed=23512 n=5000 start_low=1 start_high=10000000 dur_n=10000000 dur_beta=1 ,4,grid3D,n_buckets=128,6,14448,0,0.44451254909506505,5000,4510,11057,15567,grid3D.n_buckets=128,1108.64745011086,444512549.095065
9a81573b5af6754b6d6b329c99cff5dbfa5eef7895fa8cb01dc0823e3357f6ad,2020-09-23T21:44:33Z,86cf4b7,ironmaiden,experiments/all.yml,random-clustered-zipf,seed=123 n=10000000 start_n=10 start_high=10000000 start_stddev=100000 dur_n=10000000 dur_beta=2,3,random-uniform-zipf-None,seed=23512 n=5000 start_low=1 start_high=10000000 dur_n=10000000 dur_beta=1 ,4,interval-tree,,5,16,0,0.06746637949576356,5000,29709,2823,32532,interval-tree.,168.299168602107,67466379.4957636
c1ba6f58944cf39940394e429dc5661231434bfbac8dbb2d43415be9aa1f4671,2020-09-23T21:43:58Z,86cf4b7,ironmaiden,experiments/all.yml,random-clustered-zipf,seed=123 n=10000000 start_n=10 start_high=10000000 start_stddev=100000 dur_n=10000000 dur_beta=2,3,random-uniform-zipf-None,seed=23512 n=5000 start_low=1 start_high=10000000 dur_n=10000000 dur_beta=1 ,4,NestedBTree,,4,24,0,0.08766949293448908,5000,22863,3514,26377,NestedBTree.,218.693959672834,87669492.9344891
307ff40dc2859c2f83a7adc3c3b42053d66bc999329d44f4324e4ea0ce5aa429,2020-09-23T21:44:26Z,86cf4b7,ironmaiden,experiments/all.yml,random-clustered-zipf,seed=123 n=10000000 start_n=10 start_high=10000000 start_stddev=100000 dur_n=10000000 dur_beta=2,3,random-uniform-zipf-None,seed=23512 n=5000 start_low=1 start_high=10000000 dur_n=10000000 dur_beta=1 ,4,NestedVecs,,5,229424,0,0.36456024577716034,5000,5499,624,6123,NestedVecs.,909.256228405165,364560245.77716
9278d371d8d3a76cf32c3d4bb6ce405da4db6368cdf80e9cc897d3ebdc487473,2020-09-23T21:47:32Z,86cf4b7,ironmaiden,experiments/all.yml,random-clustered-zipf,seed=123 n=10000000 start_n=10 start_high=10000000 start_stddev=100000 dur_n=10000000 dur_beta=2,3,random-uniform-zipf-None,seed=23512 n=5000 start_low=1 start_high=10000000 dur_n=10000000 dur_beta=1 ,4,period-index-*,n_buckets=1024 max_levels=4,7,90176,0,0.5091072928430403,5000,3938,3633,7571,period-index-*.n_buckets=1024 max_levels=4,1269.68004062976,509107292.84304
e4f3a298a169d39c486046de1989ca730144026ab44a3a059508d4e14e7f1f23,2020-09-23T21:53:59Z,86cf4b7,ironmaiden,experiments/all.yml,random-clustered-zipf,seed=123 n=10000000 start_n=10 start_high=10000000 start_stddev=100000 dur_n=10000000 dur_beta=2,3,random-uniform-zipf-None,seed=23512 n=5000 start_low=1 start_high=10000000 dur_n=10000000 dur_beta=1 ,4,period-index++,n_buckets=100,9,64,0,0.5307125630309005,5000,3778,22205,25983,period-index++.n_buckets=100,1323.45156167284,530712563.0309
fb55ea8939ef88cd86262e02c78ae7275ca3b20fcabb84650e549e0f241b0702,2020-09-23T21:35:49Z,86cf4b7,ironmaiden,experiments/all.yml,random-clustered-zipf,seed=123 n=10000000 start_n=10 start_high=10000000 start_stddev=100000 dur_n=10000000 dur_beta=2,3,random-uniform-zipf-uniform-uniform,seed=23512 n=5000 start_low=1 start_high=10000000 dur_n=10000000 dur_beta=1 durmin_low=1 durmin_high=100 durmax_low=1 durmax_high=100,4,BTree,,5,24,0,0.02298144510637238,5000,1988,301,2289,BTree.,2515.09054325956,22981445.1063724
b41cbf8ffa3f2fd18e6603c2fbb1e2005aaa4c2136d308e529b9f5925129d6e4,2020-09-23T21:37:19Z,86cf4b7,ironmaiden,experiments/all.yml,random-clustered-zipf,seed=123 n=10000000 start_n=10 start_high=10000000 start_stddev=100000 dur_n=10000000 dur_beta=2,3,random-uniform-zipf-uniform-uniform,seed=23512 n=5000 start_low=1 start_high=10000000 dur_n=10000000 dur_beta=1 durmin_low=1 durmin_high=100 durmax_low=1 durmax_high=100,4,grid,n_buckets=128,6,393352,0,0.01540380644727375,5000,2966,11455,14421,grid.n_buckets=128,1685.7720836143,15403806.4472737
814ca6d9342bee4a30af0f40977f764abb072c73717e115a3f1e675c2dfd12db,2020-09-23T21:38:13Z,86cf4b7,ironmaiden,experiments/all.yml,random-clustered-zipf,seed=123 n=10000000 start_n=10 start_high=10000000 start_stddev=100000 dur_n=10000000 dur_beta=2,3,random-uniform-zipf-uniform-uniform,seed=23512 n=5000 start_low=1 start_high=10000000 dur_n=10000000 dur_beta=1 durmin_low=1 durmin_high=100 durmax_low=1 durmax_high=100,4,grid3D,n_buckets=128,6,14448,0,0.21840854475018148,5000,210,11226,11436,grid3D.n_buckets=128,23809.5238095238,218408544.750181
174350c68bd6199f7095565713696972be2df72959d6523cbb40d1d17867753a,2020-09-23T21:36:00Z,86cf4b7,ironmaiden,experiments/all.yml,random-clustered-zipf,seed=123 n=10000000 start_n=10 start_high=10000000 start_stddev=100000 dur_n=10000000 dur_beta=2,3,random-uniform-zipf-uniform-uniform,seed=23512 n=5000 start_low=1 start_high=10000000 dur_n=10000000 dur_beta=1 durmin_low=1 durmin_high=100 durmax_low=1 durmax_high=100,4,interval-tree,,5,16,0,0.001890582699926876,5000,24158,2816,26974,interval-tree.,206.970775726467,1890582.69992688
5eb3b3d17a51ef5209bc2ab6d49375fae6e54846f326829cad54d68f8fed5108,2020-09-23T21:35:53Z,86cf4b7,ironmaiden,experiments/all.yml,random-clustered-zipf,seed=123 n=10000000 start_n=10 start_high=10000000 start_stddev=100000 dur_n=10000000 dur_beta=2,3,random-uniform-zipf-uniform-uniform,seed=23512 n=5000 start_low=1 start_high=10000000 dur_n=10000000 dur_beta=1 durmin_low=1 durmin_high=100 durmax_low=1 durmax_high=100,4,NestedBTree,,4,24,0,0.07385082533856063,5000,620,3518,4138,NestedBTree.,8064.51612903226,73850825.3385606
22abeb7ed52bc62b52d3b6875fdec722cfdfbbd7f295de487124072ad3917638,2020-09-23T21:35:58Z,86cf4b7,ironmaiden,experiments/all.yml,random-clustered-zipf,seed=123 n=10000000 start_n=10 start_high=10000000 start_stddev=100000 dur_n=10000000 dur_beta=2,3,random-uniform-zipf-uniform-uniform,seed=23512 n=5000 start_low=1 start_high=10000000 dur_n=10000000 dur_beta=1 durmin_low=1 durmin_high=100 durmax_low=1 durmax_high=100,4,NestedVecs,,5,229424,0,0.41146788779636984,5000,112,592,704,NestedVecs.,44642.8571428571,411467887.79637
7c487d957cb504552ab0c19a9ab153d15be9843bc551dfc39bee411fdee918af,2020-09-23T21:38:26Z,86cf4b7,ironmaiden,experiments/all.yml,random-clustered-zipf,seed=123 n=10000000 start_n=10 start_high=10000000 start_stddev=100000 dur_n=10000000 dur_beta=2,3,random-uniform-zipf-uniform-uniform,seed=23512 n=5000 start_low=1 start_high=10000000 dur_n=10000000 dur_beta=1 durmin_low=1 durmin_high=100 durmax_low=1 durmax_high=100,4,period-index-*,n_buckets=1024 max_levels=4,7,90176,0,0.016796859340245576,5000,2720,3689,6409,period-index-*.n_buckets=1024 max_levels=4,1838.23529411765,16796859.3402456
7cd1e2b5d84c7b5ad02a340f2107220c385f3126be67c90ed14f8521a841bab6,2020-09-23T21:41:44Z,86cf4b7,ironmaiden,experiments/all.yml,random-clustered-zipf,seed=123 n=10000000 start_n=10 start_high=10000000 start_stddev=100000 dur_n=10000000 dur_beta=2,3,random-uniform-zipf-uniform-uniform,seed=23512 n=5000 start_low=1 start_high=10000000 dur_n=10000000 dur_beta=1 durmin_low=1 durmin_high=100 durmax_low=1 durmax_high=100,4,period-index++,n_buckets=100,9,64,0,0.1910422717071897,5000,240,24764,25004,period-index++.n_buckets=100,20833.3333333333,191042271.70719
957d30644c475e0ee0035685c4367dacbf446250eeafe79080cddf8a40e32d95,2020-09-23T21:29:26Z,86cf4b7,ironmaiden,experiments/all.yml,random-clustered-zipf,seed=123 n=10000000 start_n=10 start_high=10000000 start_stddev=100000 dur_n=10000000 dur_beta=2,3,random-uniform-zipf-uniform-uniform,seed=23512 n=5000 start_low=1 start_high=10000000 dur_n=10000000 dur_beta=1 durmin_low=1 durmin_high=10000 durmax_low=1 durmax_high=10000,4,BTree,,5,24,0,0.011165574007354939,5000,92,300,392,BTree.,54347.8260869565,11165574.0073549
eae4849c7d5a4005b099375f196ca6befd5e3521ab7540aa8cab1ccd4e42d20e,2020-09-23T21:30:53Z,86cf4b7,ironmaiden,experiments/all.yml,random-clustered-zipf,seed=123 n=10000000 start_n=10 start_high=10000000 start_stddev=100000 dur_n=10000000 dur_beta=2,3,random-uniform-zipf-uniform-uniform,seed=23512 n=5000 start_low=1 start_high=10000000 dur_n=10000000 dur_beta=1 durmin_low=1 durmin_high=10000 durmax_low=1 durmax_high=10000,4,grid,n_buckets=128,6,393352,0,3.82853354181968e-4,5000,2654,12388,15042,grid.n_buckets=128,1883.94875659382,382853.354181968
26f0ac1ef909e43615ee324b0069b13c5ebd55d407dea9ffb19d569fe10dd078,2020-09-23T21:31:47Z,86cf4b7,ironmaiden,experiments/all.yml,random-clustered-zipf,seed=123 n=10000000 start_n=10 start_high=10000000 start_stddev=100000 dur_n=10000000 dur_beta=2,3,random-uniform-zipf-uniform-uniform,seed=23512 n=5000 start_low=1 start_high=10000000 dur_n=10000000 dur_beta=1 durmin_low=1 durmin_high=10000 durmax_low=1 durmax_high=10000,4,grid3D,n_buckets=128,6,14448,0,0.026735403182499454,5000,39,11105,11144,grid3D.n_buckets=128,128205.128205128,26735403.1824994
6d50a0d568e4820dc855e5e894a620b290cb13457e0fc19adccad5d870a41bf2,2020-09-23T21:29:34Z,86cf4b7,ironmaiden,experiments/all.yml,random-clustered-zipf,seed=123 n=10000000 start_n=10 start_high=10000000 start_stddev=100000 dur_n=10000000 dur_beta=2,3,random-uniform-zipf-uniform-uniform,seed=23512 n=5000 start_low=1 start_high=10000000 dur_n=10000000 dur_beta=1 durmin_low=1 durmin_high=10000 durmax_low=1 durmax_high=10000,4,interval-tree,,5,16,0,4.3001298123070966e-5,5000,23603,2828,26431,interval-tree.,211.837478286658,43001.298123071
dc23e0fda20f6a602dd98ae835ca4b60cd810250d529a408d73434372ab17178,2020-09-23T21:29:27Z,86cf4b7,ironmaiden,experiments/all.yml,random-clustered-zipf,seed=123 n=10000000 start_n=10 start_high=10000000 start_stddev=100000 dur_n=10000000 dur_beta=2,3,random-uniform-zipf-uniform-uniform,seed=23512 n=5000 start_low=1 start_high=10000000 dur_n=10000000 dur_beta=1 durmin_low=1 durmin_high=10000 durmax_low=1 durmax_high=10000,4,NestedBTree,,4,24,0,0.006122931702802301,5000,171,3856,4027,NestedBTree.,29239.7660818713,6122931.7028023
034ecd5935f9b4637d0fee4413808fff98f769c6253734778e170a33c3a97530,2020-09-23T21:29:32Z,86cf4b7,ironmaiden,experiments/all.yml,random-clustered-zipf,seed=123 n=10000000 start_n=10 start_high=10000000 start_stddev=100000 dur_n=10000000 dur_beta=2,3,random-uniform-zipf-uniform-uniform,seed=23512 n=5000 start_low=1 start_high=10000000 dur_n=10000000 dur_beta=1 durmin_low=1 durmin_high=10000 durmax_low=1 durmax_high=10000,4,NestedVecs,,5,229424,0,0.03163687990344409,5000,33,592,625,NestedVecs.,151515.151515152,31636879.9034441
eb52fb1b6ef6ad78587b591366ef6de3f432c9c7aea698c0e5546138df1b34e2,2020-09-23T21:32:08Z,86cf4b7,ironmaiden,experiments/all.yml,random-clustered-zipf,seed=123 n=10000000 start_n=10 start_high=10000000 start_stddev=100000 dur_n=10000000 dur_beta=2,3,random-uniform-zipf-uniform-uniform,seed=23512 n=5000 start_low=1 start_high=10000000 dur_n=10000000 dur_beta=1 durmin_low=1 durmin_high=10000 durmax_low=1 durmax_high=10000,4,period-index-*,n_buckets=1024 max_levels=32,7,90176,0,0.00984622204527017,5000,104,6403,6507,period-index-*.n_buckets=1024 max_levels=32,48076.9230769231,9846222.04527017
8d3b3b17ecc4c99c2e07fa6743560d13cb1d383064104e70d4c629ee4b5d60fe,2020-09-23T21:34:14Z,86cf4b7,ironmaiden,experiments/all.yml,random-clustered-zipf,seed=123 n=10000000 start_n=10 start_high=10000000 start_stddev=100000 dur_n=10000000 dur_beta=2,3,random-uniform-zipf-uniform-uniform,seed=23512 n=5000 start_low=1 start_high=10000000 dur_n=10000000 dur_beta=1 durmin_low=1 durmin_high=10000 durmax_low=1 durmax_high=10000,4,period-index++,n_buckets=32,9,64,0,0.035590688859961174,5000,29,11923,11952,period-index++.n_buckets=32,172413.793103448,35590688.8599612
f93968d4f43b53eaa3ec5d7dc89992006cd19fc2bb12521d7b644f26a9b47ce7,2020-09-23T22:20:19Z,86cf4b7,ironmaiden,experiments/all.yml,random-clustered-zipf,seed=123 n=10000000 start_n=100 start_high=10000000 start_stddev=100000 dur_n=10000000 dur_beta=1,3,random-uniform-zipf-uniform-uniform,seed=23512 n=5000 start_low=1 start_high=10000000 dur_n=10000000 dur_beta=1 durmin_low=1 durmin_high=10000 durmax_low=1 durmax_high=10000,4,BTree,,5,24,0,0.013369739306175292,5000,8282,2334,10616,BTree.,603.718908476214,13369739.3061753
9af37a3ff37301379f0116c3538d2adcb973ff09f3765fbd31110f374520f872,2020-09-23T22:20:31Z,86cf4b7,ironmaiden,experiments/all.yml,random-clustered-zipf,seed=123 n=10000000 start_n=100 start_high=10000000 start_stddev=100000 dur_n=10000000 dur_beta=1,3,random-uniform-zipf-uniform-uniform,seed=23512 n=5000 start_low=1 start_high=10000000 dur_n=10000000 dur_beta=1 durmin_low=1 durmin_high=10000 durmax_low=1 durmax_high=10000,4,NestedBTree,,4,24,0,0.022014268101513943,5000,5032,5692,10724,NestedBTree.,993.640699523052,22014268.1015139
fc5d4246df615f7b1aa4b9e804846f8eea255e8ff201b9670fa39f7d9952ec5e,2020-09-23T22:20:43Z,86cf4b7,ironmaiden,experiments/all.yml,random-clustered-zipf,seed=123 n=10000000 start_n=100 start_high=10000000 start_stddev=100000 dur_n=10000000 dur_beta=1,3,random-uniform-zipf-uniform-uniform,seed=23512 n=5000 start_low=1 start_high=10000000 dur_n=10000000 dur_beta=1 durmin_low=1 durmin_high=10000 durmax_low=1 durmax_high=10000,4,NestedVecs,,5,58720304,0,0.08237311930611073,5000,1345,880,2225,NestedVecs.,3717.47211895911,82373119.3061107
78dcc9ccbd80c6a50a34e2c8722c626f9ded252e0bcd1552495636063ae476a2,2020-09-23T16:16:41Z,86cf4b7,ironmaiden,experiments/all.yml,random-uniform-zipf,seed=123 n=10000000 start_low=1 start_high=10000000 dur_n=10000000 dur_beta=1,3,random-None-uniform-uniform,seed=23512 n=5000  durmin_low=1 durmin_high=100 durmax_low=1 durmax_high=100,4,BTree,,5,24,0,0.5980039124670059,5000,4510,2478,6988,BTree.,1108.64745011086,598003912.467006
0566c685e25ecac27d942214e33b09e7383c8f86f5d5baeda2028ad48f08fc70,2020-09-23T16:27:33Z,86cf4b7,ironmaiden,experiments/all.yml,random-uniform-zipf,seed=123 n=10000000 start_low=1 start_high=10000000 dur_n=10000000 dur_beta=1,3,random-None-uniform-uniform,seed=23512 n=5000  durmin_low=1 durmin_high=100 durmax_low=1 durmax_high=100,4,grid,n_buckets=32,6,24712,0,0.017148626956655165,5000,157254,15798,173052,grid.n_buckets=32,31.79569359126,17148626.9566552
5b56f2f55e8a1c904f76dad971cc036c1dc902f7f4551093c9f9693fbb050241,2020-09-23T16:37:45Z,86cf4b7,ironmaiden,experiments/all.yml,random-uniform-zipf,seed=123 n=10000000 start_low=1 start_high=10000000 dur_n=10000000 dur_beta=1,3,random-None-uniform-uniform,seed=23512 n=5000  durmin_low=1 durmin_high=100 durmax_low=1 durmax_high=100,4,grid3D,n_buckets=128,6,14448,0,0.3050648246269729,5000,8841,9773,18614,grid3D.n_buckets=128,565.54688383667,305064824.626973
9db7a288b13b8ddb3d560e32e089f5509a9e5b1c77f39cbe7e7cfd4ff2a4424a,2020-09-23T16:17:43Z,86cf4b7,ironmaiden,experiments/all.yml,random-uniform-zipf,seed=123 n=10000000 start_low=1 start_high=10000000 dur_n=10000000 dur_beta=1,3,random-None-uniform-uniform,seed=23512 n=5000  durmin_low=1 durmin_high=100 durmax_low=1 durmax_high=100,4,interval-tree,,5,16,0,0.006565526681525064,5000,410730,2901,413631,interval-tree.,12.1734472767998,6565526.68152506
7e445675b5bff5112128a9a23cdd339f9c08a5aabb9b08c9db2af3c166986365,2020-09-23T16:16:49Z,86cf4b7,ironmaiden,experiments/all.yml,random-uniform-zipf,seed=123 n=10000000 start_low=1 start_high=10000000 dur_n=10000000 dur_beta=1,3,random-None-uniform-uniform,seed=23512 n=5000  durmin_low=1 durmin_high=100 durmax_low=1 durmax_high=100,4,NestedBTree,,4,24,0,0.06960878516141912,5000,38742,5836,44578,NestedBTree.,129.058902483093,69608785.1614191
0e5b15292cf68d89c3e2d06327415f42f6768f97180544975e29989dff9867ad,2020-09-23T16:17:35Z,86cf4b7,ironmaiden,experiments/all.yml,random-uniform-zipf,seed=123 n=10000000 start_low=1 start_high=10000000 dur_n=10000000 dur_beta=1,3,random-None-uniform-uniform,seed=23512 n=5000  durmin_low=1 durmin_high=100 durmax_low=1 durmax_high=100,4,NestedVecs,,5,58720304,0,0.4600526485857709,5000,5863,870,6733,NestedVecs.,852.805730854511,460052648.585771
f5a0a0c8543a7868139732663d52d23a23bf6312022dcea7d45cc39f7eef5548,2020-09-23T16:38:05Z,86cf4b7,ironmaiden,experiments/all.yml,random-uniform-zipf,seed=123 n=10000000 start_low=1 start_high=10000000 dur_n=10000000 dur_beta=1,3,random-None-uniform-uniform,seed=23512 n=5000  durmin_low=1 durmin_high=100 durmax_low=1 durmax_high=100,4,period-index-*,n_buckets=1024 max_levels=4,7,90176,0,0.018585549163908675,5000,145097,29986,175083,period-index-*.n_buckets=1024 max_levels=4,34.4597062654638,18585549.1639087
4c88095a6d2018a3d1fe9187e408ad0279fd8aa587f9aeb89c590469d1eb6265,2020-09-23T17:04:02Z,86cf4b7,ironmaiden,experiments/all.yml,random-uniform-zipf,seed=123 n=10000000 start_low=1 start_high=10000000 dur_n=10000000 dur_beta=1,3,random-None-uniform-uniform,seed=23512 n=5000  durmin_low=1 durmin_high=100 durmax_low=1 durmax_high=100,4,period-index++,n_buckets=128,9,64,0,0.41461833413310734,5000,6506,266976,273482,period-index++.n_buckets=128,768.521364893944,414618334.133107
a5c3b2e78b5e7d91366becc1b289778f74128de7290229c963f0ac19a80ddcb9,2020-09-23T15:21:02Z,86cf4b7,ironmaiden,experiments/all.yml,random-uniform-zipf,seed=123 n=10000000 start_low=1 start_high=10000000 dur_n=10000000 dur_beta=1,3,random-None-uniform-uniform,seed=23512 n=5000  durmin_low=1 durmin_high=10000 durmax_low=1 durmax_high=10000,4,BTree,,5,24,0,0.5963791835761891,5000,4560,2372,6932,BTree.,1096.49122807018,596379183.576189
1f4164ac8fd9f6700347b52496d2a31845d769a1b3926f14b9883193408e7a57,2020-09-23T15:37:25Z,86cf4b7,ironmaiden,experiments/all.yml,random-uniform-zipf,seed=123 n=10000000 start_low=1 start_high=10000000 dur_n=10000000 dur_beta=1,3,random-None-uniform-uniform,seed=23512 n=5000  durmin_low=1 durmin_high=10000 durmax_low=1 durmax_high=10000,4,grid,n_buckets=128,6,393352,0,0.021767020222534766,5000,124884,16280,141164,grid.n_buckets=128,40.0371544793568,21767020.2225348
022e0dd41b3365df34668f2ce5591a5cdda2724ee21111c453fb2a9c0e6254a0,2020-09-23T15:41:08Z,86cf4b7,ironmaiden,experiments/all.yml,random-uniform-zipf,seed=123 n=10000000 start_low=1 start_high=10000000 dur_n=10000000 dur_beta=1,3,random-None-uniform-uniform,seed=23512 n=5000  durmin_low=1 durmin_high=10000 durmax_low=1 durmax_high=10000,4,grid3D,n_buckets=128,6,14448,0,0.2948448732786431,5000,9221,9548,18769,grid3D.n_buckets=128,542.240537902614,294844873.278643
9678cc04ef03523ff501f873d7685140fc22f455774d65b0017e0542ca860aff,2020-09-23T15:22:11Z,86cf4b7,ironmaiden,experiments/all.yml,random-uniform-zipf,seed=123 n=10000000 start_low=1 start_high=10000000 dur_n=10000000 dur_beta=1,3,random-None-uniform-uniform,seed=23512 n=5000  durmin_low=1 durmin_high=10000 durmax_low=1 durmax_high=10000,4,interval-tree,,5,16,0,0.006538105327317603,5000,415767,2874,418641,interval-tree.,12.0259664667951,6538105.3273176
3bca51de77457282f2b68024509c2bdf720d03eda848fcf39e86386ff1187c4d,2020-09-23T15:21:10Z,86cf4b7,ironmaiden,experiments/all.yml,random-uniform-zipf,seed=123 n=10000000 start_low=1 start_high=10000000 dur_n=10000000 dur_beta=1,3,random-None-uniform-uniform,seed=23512 n=5000  durmin_low=1 durmin_high=10000 durmax_low=1 durmax_high=10000,4,NestedBTree,,4,24,0,0.06018701607610065,5000,45166,6278,51444,NestedBTree.,110.702740999867,60187016.0761006
83213e19cc1bc0daa8552c54d685658efeec10011daf6d916f50c7a067a85a9b,2020-09-23T15:22:03Z,86cf4b7,ironmaiden,experiments/all.yml,random-uniform-zipf,seed=123 n=10000000 start_low=1 start_high=10000000 dur_n=10000000 dur_beta=1,3,random-None-uniform-uniform,seed=23512 n=5000  durmin_low=1 durmin_high=10000 durmax_low=1 durmax_high=10000,4,NestedVecs,,5,58720304,0,0.4444938443650858,5000,6117,834,6951,NestedVecs.,817.394147457904,444493844.365086
4abf3fb64f90ae33086523cedadd169acb08d481681c5911018fd8b614ee1387,2020-09-23T16:12:04Z,86cf4b7,ironmaiden,experiments/all.yml,random-uniform-zipf,seed=123 n=10000000 start_low=1 start_high=10000000 dur_n=10000000 dur_beta=1,3,random-None-uniform-uniform,seed=23512 n=5000  durmin_low=1 durmin_high=10000 durmax_low=1 durmax_high=10000,4,period-index++,n_buckets=128,9,64,0,0.4088424933419297,5000,6650,269439,276089,period-index++.n_buckets=128,751.87969924812,408842493.34193
d563e166966786cb12810ec30a7386efde08118c25ed7f0275b28e1d3c013932,2020-09-23T14:47:07Z,86cf4b7,ironmaiden,experiments/all.yml,random-uniform-zipf,seed=123 n=10000000 start_low=1 start_high=10000000 dur_n=10000000 dur_beta=1,3,random-uniform-zipf-None,seed=23512 n=5000 start_low=1 start_high=10000000 dur_n=10000000 dur_beta=1 ,4,grid,n_buckets=128,6,393352,0,0.49783324286667363,5000,8871,17086,25957,grid.n_buckets=128,563.63431405704,497833242.866674
ce9fd61b044a6d95183b1f47eb1b96059d1ae83b22e0598f4524d464661c9e14,2020-09-23T14:48:27Z,86cf4b7,ironmaiden,experiments/all.yml,random-uniform-zipf,seed=123 n=10000000 start_low=1 start_high=10000000 dur_n=10000000 dur_beta=1,3,random-uniform-zipf-None,seed=23512 n=5000 start_low=1 start_high=10000000 dur_n=10000000 dur_beta=1 ,4,grid3D,n_buckets=64,6,7280,0,0.39200433277500774,5000,11267,10356,21623,grid3D.n_buckets=64,443.77385284459,392004332.775008
97bd9dbf807afaef5cce43f68be22b0281dbe34235e065112fcbe6745f15b1f2,2020-09-23T14:45:14Z,86cf4b7,ironmaiden,experiments/all.yml,random-uniform-zipf,seed=123 n=10000000 start_low=1 start_high=10000000 dur_n=10000000 dur_beta=1,3,random-uniform-zipf-None,seed=23512 n=5000 start_low=1 start_high=10000000 dur_n=10000000 dur_beta=1 ,4,interval-tree,,5,16,0,0.19921819274709154,5000,22167,2880,25047,interval-tree.,225.560517886949,199218192.747092
a47e7c70fb04f2d215eaa0378b6bac20aab6a2fd2f120fc3cefdd215813adac7,2020-09-23T14:42:52Z,86cf4b7,ironmaiden,experiments/all.yml,random-uniform-zipf,seed=123 n=10000000 start_low=1 start_high=10000000 dur_n=10000000 dur_beta=1,3,random-uniform-zipf-None,seed=23512 n=5000 start_low=1 start_high=10000000 dur_n=10000000 dur_beta=1 ,4,NestedVecs,,5,58720304,0,0.03143291203128295,5000,140483,865,141348,NestedVecs.,35.5914950563413,31432912.0312829
754279b5292510b6f9ceb0d6ccc0790956b19f5d0535b52101caa0c51d113e48,2020-09-23T14:49:21Z,86cf4b7,ironmaiden,experiments/all.yml,random-uniform-zipf,seed=123 n=10000000 start_low=1 start_high=10000000 dur_n=10000000 dur_beta=1,3,random-uniform-zipf-None,seed=23512 n=5000 start_low=1 start_high=10000000 dur_n=10000000 dur_beta=1 ,4,period-index-*,n_buckets=1024 max_levels=4,7,90176,0,0.03609074330640648,5000,122351,30031,152382,period-index-*.n_buckets=1024 max_levels=4,40.8660329707154,36090743.3064065
a340d4a580699f999a9872f7379f5b79f3e6c0c405a202abb880acc70438f596,2020-09-23T15:10:34Z,86cf4b7,ironmaiden,experiments/all.yml,random-uniform-zipf,seed=123 n=10000000 start_low=1 start_high=10000000 dur_n=10000000 dur_beta=1,3,random-uniform-zipf-None,seed=23512 n=5000 start_low=1 start_high=10000000 dur_n=10000000 dur_beta=1 ,4,period-index++,n_buckets=50,9,64,0,0.42232211240270323,5000,10458,56452,66910,period-index++.n_buckets=50,478.102887741442,422322112.402703
ca34328c6ee2f8c6daf4b0a0c6f332d1cbb3753c153fc380af0d0dcd721b961d,2020-09-23T14:17:08Z,86cf4b7,ironmaiden,experiments/all.yml,random-uniform-zipf,seed=123 n=10000000 start_low=1 start_high=10000000 dur_n=10000000 dur_beta=1,3,random-uniform-zipf-uniform-uniform,seed=23512 n=5000 start_low=1 start_high=10000000 dur_n=10000000 dur_beta=1 durmin_low=1 durmin_high=100 durmax_low=1 durmax_high=100,4,BTree,,5,24,0,0.01796478325941308,5000,6308,2401,8709,BTree.,792.644261255548,17964783.2594131
617213c01af3e9e1a4da59d2dab9afe0dc62d1e1ca7eeda437879c0036f8c220,2020-09-23T14:19:27Z,86cf4b7,ironmaiden,experiments/all.yml,random-uniform-zipf,seed=123 n=10000000 start_low=1 start_high=10000000 dur_n=10000000 dur_beta=1,3,random-uniform-zipf-uniform-uniform,seed=23512 n=5000 start_low=1 start_high=10000000 dur_n=10000000 dur_beta=1 durmin_low=1 durmin_high=100 durmax_low=1 durmax_high=100,4,grid,n_buckets=128,6,393352,0,0.010156216136287793,5000,11153,17506,28659,grid.n_buckets=128,448.309871783377,10156216.1362878
a001e5608cf3264b7f1c67ed24a89116bdf6e2627e46b05310ab27ab634ae0bc,2020-09-23T14:20:24Z,86cf4b7,ironmaiden,experiments/all.yml,random-uniform-zipf,seed=123 n=10000000 start_low=1 start_high=10000000 dur_n=10000000 dur_beta=1,3,random-uniform-zipf-uniform-uniform,seed=23512 n=5000 start_low=1 start_high=10000000 dur_n=10000000 dur_beta=1 durmin_low=1 durmin_high=100 durmax_low=1 durmax_high=100,4,grid3D,n_buckets=64,6,7280,0,0.21416244848083305,5000,530,9870,10400,grid3D.n_buckets=64,9433.96226415094,214162448.480833
5f2030bc37ad843605076cd63b7267f41f3264645fcdfb98deb76ed5baa207b5,2020-09-23T14:17:29Z,86cf4b7,ironmaiden,experiments/all.yml,random-uniform-zipf,seed=123 n=10000000 start_low=1 start_high=10000000 dur_n=10000000 dur_beta=1,3,random-uniform-zipf-uniform-uniform,seed=23512 n=5000 start_low=1 start_high=10000000 dur_n=10000000 dur_beta=1 durmin_low=1 durmin_high=100 durmax_low=1 durmax_high=100,4,interval-tree,,5,16,0,0.005459056056773542,5000,20748,2824,23572,interval-tree.,240.987083092346,5459056.05677354
4a17b7f697c5d7bd1529202f186310b9c6bfecf5cef43f4791af10117be809fc,2020-09-23T14:17:17Z,86cf4b7,ironmaiden,experiments/all.yml,random-uniform-zipf,seed=123 n=10000000 start_low=1 start_high=10000000 dur_n=10000000 dur_beta=1,3,random-uniform-zipf-uniform-uniform,seed=23512 n=5000 start_low=1 start_high=10000000 dur_n=10000000 dur_beta=1 durmin_low=1 durmin_high=100 durmax_low=1 durmax_high=100,4,NestedBTree,,4,24,0,0.06841309634621599,5000,1657,6242,7899,NestedBTree.,3017.50150875075,68413096.346216
2766ff6f18fee70d6d20f731f3781e2b77d9b7ad76616163a2d8f2ccf1a5e507,2020-09-23T14:17:27Z,86cf4b7,ironmaiden,experiments/all.yml,random-uniform-zipf,seed=123 n=10000000 start_low=1 start_high=10000000 dur_n=10000000 dur_beta=1,3,random-uniform-zipf-uniform-uniform,seed=23512 n=5000 start_low=1 start_high=10000000 dur_n=10000000 dur_beta=1 durmin_low=1 durmin_high=100 durmax_low=1 durmax_high=100,4,NestedVecs,,5,58720304,0,0.4521845278298414,5000,252,832,1084,NestedVecs.,19841.2698412698,452184527.829841
134c1a2f1c40ef85dbc29205cfd555af01eb7da5d02a3a122ca11364ad532565,2020-09-23T14:22:25Z,86cf4b7,ironmaiden,experiments/all.yml,random-uniform-zipf,seed=123 n=10000000 start_low=1 start_high=10000000 dur_n=10000000 dur_beta=1,3,random-uniform-zipf-uniform-uniform,seed=23512 n=5000 start_low=1 start_high=10000000 dur_n=10000000 dur_beta=1 durmin_low=1 durmin_high=100 durmax_low=1 durmax_high=100,4,period-index-*,n_buckets=2048 max_levels=4,7,180288,0,0.01748470064883672,5000,6478,64421,70899,period-index-*.n_buckets=2048 max_levels=4,771.843161469589,17484700.6488367
765996f30677fcef530ca38d43d2b97fdc12456e71695998bd5002065e4d258b,2020-09-23T14:34:46Z,86cf4b7,ironmaiden,experiments/all.yml,random-uniform-zipf,seed=123 n=10000000 start_low=1 start_high=10000000 dur_n=10000000 dur_beta=1,3,random-uniform-zipf-uniform-uniform,seed=23512 n=5000 start_low=1 start_high=10000000 dur_n=10000000 dur_beta=1 durmin_low=1 durmin_high=100 durmax_low=1 durmax_high=100,4,period-index++,n_buckets=100,9,64,0,0.251758152712872,5000,451,172172,172623,period-index++.n_buckets=100,11086.4745011086,251758152.712872
e027f1936d73cf0b76e6c4d687b5c7b94faa2e9aabc27a60293841d674cb8cf2,2020-09-23T13:44:41Z,86cf4b7,ironmaiden,experiments/all.yml,random-uniform-zipf,seed=123 n=10000000 start_low=1 start_high=10000000 dur_n=10000000 dur_beta=1,3,random-uniform-zipf-uniform-uniform,seed=23512 n=5000 start_low=1 start_high=10000000 dur_n=10000000 dur_beta=1 durmin_low=1 durmin_high=10000 durmax_low=1 durmax_high=10000,4,BTree,,5,24,0,0.013753430631815238,5000,8349,2379,10728,BTree.,598.874116660678,13753430.6318152
f8ba2520cdcbed6a6d384b7824892021968b1207aae2eb23c053bbe9fa304a62,2020-09-23T13:47:05Z,86cf4b7,ironmaiden,experiments/all.yml,random-uniform-zipf,seed=123 n=10000000 start_low=1 start_high=10000000 dur_n=10000000 dur_beta=1,3,random-uniform-zipf-uniform-uniform,seed=23512 n=5000 start_low=1 start_high=10000000 dur_n=10000000 dur_beta=1 durmin_low=1 durmin_high=10000 durmax_low=1 durmax_high=10000,4,grid,n_buckets=128,6,393352,0,0.013059212708446543,5000,8792,16472,25264,grid.n_buckets=128,568.69881710646,13059212.7084465
59b5bb2418291a604373373d25a20d347ff4eb47d9ab597af93faae0f32119ce,2020-09-23T13:47:59Z,86cf4b7,ironmaiden,experiments/all.yml,random-uniform-zipf,seed=123 n=10000000 start_low=1 start_high=10000000 dur_n=10000000 dur_beta=1,3,random-uniform-zipf-uniform-uniform,seed=23512 n=5000 start_low=1 start_high=10000000 dur_n=10000000 dur_beta=1 durmin_low=1 durmin_high=10000 durmax_low=1 durmax_high=10000,4,grid3D,n_buckets=64,6,7280,0,0.20514103474048728,5000,561,10203,10764,grid3D.n_buckets=64,8912.6559714795,205141034.740487
276f8f7da1c9301bea7c0552bee65c232e3f3cbb2c5ee97439ffeaae32365a95,2020-09-23T13:45:08Z,86cf4b7,ironmaiden,experiments/all.yml,random-uniform-zipf,seed=123 n=10000000 start_low=1 start_high=10000000 dur_n=10000000 dur_beta=1,3,random-uniform-zipf-uniform-uniform,seed=23512 n=5000 start_low=1 start_high=10000000 dur_n=10000000 dur_beta=1 durmin_low=1 durmin_high=10000 durmax_low=1 durmax_high=10000,4,interval-tree,,5,16,0,0.005635324176495746,5000,20373,2877,23250,interval-tree.,245.422863593972,5635324.17649574
cea74701205837415258abc7435e836bcefecf0847b4c38bb1a28ad7687a0bac,2020-09-23T13:44:53Z,86cf4b7,ironmaiden,experiments/all.yml,random-uniform-zipf,seed=123 n=10000000 start_low=1 start_high=10000000 dur_n=10000000 dur_beta=1,3,random-uniform-zipf-uniform-uniform,seed=23512 n=5000 start_low=1 start_high=10000000 dur_n=10000000 dur_beta=1 durmin_low=1 durmin_high=10000 durmax_low=1 durmax_high=10000,4,NestedBTree,,4,24,0,0.022165139556174412,5000,5181,5760,10941,NestedBTree.,965.064659332175,22165139.5561744
7d591ef7f9c7e5e77c45b1cd8bd7a53e9f01334f4651a496ba50c292b9c406ac,2020-09-23T13:45:05Z,86cf4b7,ironmaiden,experiments/all.yml,random-uniform-zipf,seed=123 n=10000000 start_low=1 start_high=10000000 dur_n=10000000 dur_beta=1,3,random-uniform-zipf-uniform-uniform,seed=23512 n=5000 start_low=1 start_high=10000000 dur_n=10000000 dur_beta=1 durmin_low=1 durmin_high=10000 durmax_low=1 durmax_high=10000,4,NestedVecs,,5,58720304,0,0.08062508561172131,5000,1425,860,2285,NestedVecs.,3508.77192982456,80625085.6117213
4b7b053a7ba3652e504b5b6731d4d3e86b4d5d3674d098013803ea9afc8a47b9,2020-09-23T13:48:22Z,86cf4b7,ironmaiden,experiments/all.yml,random-uniform-zipf,seed=123 n=10000000 start_low=1 start_high=10000000 dur_n=10000000 dur_beta=1,3,random-uniform-zipf-uniform-uniform,seed=23512 n=5000 start_low=1 start_high=10000000 dur_n=10000000 dur_beta=1 durmin_low=1 durmin_high=10000 durmax_low=1 durmax_high=10000,4,period-index-*,n_buckets=1024 max_levels=4,7,90176,0,0.002031494701360101,5000,56511,30033,86544,period-index-*.n_buckets=1024 max_levels=4,88.4783493479146,2031494.7013601
095b867147dbd67778e604fd924e2452ef74ffc428c81eaa2c6f472d78190e44,2020-09-23T14:09:51Z,86cf4b7,ironmaiden,experiments/all.yml,random-uniform-zipf,seed=123 n=10000000 start_low=1 start_high=10000000 dur_n=10000000 dur_beta=1,3,random-uniform-zipf-uniform-uniform,seed=23512 n=5000 start_low=1 start_high=10000000 dur_n=10000000 dur_beta=1 durmin_low=1 durmin_high=10000 durmax_low=1 durmax_high=10000,4,period-index++,n_buckets=100,9,64,0,0.2400801756062011,5000,479,172213,172692,period-index++.n_buckets=100,10438.4133611691,240080175.606201
aa494e5371bb9556061f89398147f7d88a93ce082776a2d17b9e3ced8afedf62,2020-09-23T17:53:34Z,86cf4b7,ironmaiden,experiments/all.yml,random-uniform-zipf,seed=123 n=10000000 start_low=1 start_high=10000000 dur_n=10000000 dur_beta=2,3,random-None-uniform-uniform,seed=23512 n=5000  durmin_low=1 durmin_high=100 durmax_low=1 durmax_high=100,4,BTree,,5,24,0,0.5972428131584019,5000,2410,313,2723,BTree.,2074.6887966805,597242813.158402
38b8e1ed899c81a712082200d04846dd4bc9bf6217acb54dc19066f3861f76a5,2020-09-23T17:54:31Z,86cf4b7,ironmaiden,experiments/all.yml,random-uniform-zipf,seed=123 n=10000000 start_low=1 start_high=10000000 dur_n=10000000 dur_beta=2,3,random-None-uniform-uniform,seed=23512 n=5000  durmin_low=1 durmin_high=100 durmax_low=1 durmax_high=100,4,grid,n_buckets=16,6,6280,0,0.029032081889825746,5000,49563,16254,65817,grid.n_buckets=16,100.881706111414,29032081.8898257
3fb5973393bc13c89f350acbf063dca74da9c60ca7994fc3035304497f3343e2,2020-09-23T18:00:22Z,86cf4b7,ironmaiden,experiments/all.yml,random-uniform-zipf,seed=123 n=10000000 start_low=1 start_high=10000000 dur_n=10000000 dur_beta=2,3,random-None-uniform-uniform,seed=23512 n=5000  durmin_low=1 durmin_high=100 durmax_low=1 durmax_high=100,4,grid3D,n_buckets=128,6,14448,0,0.2596683530202627,5000,5542,13780,19322,grid3D.n_buckets=128,902.201371346084,259668353.020263
4a46d3f68b555c939071cfb6902f57682098dbe475e74ba565c86087308da8c2,2020-09-23T17:53:55Z,86cf4b7,ironmaiden,experiments/all.yml,random-uniform-zipf,seed=123 n=10000000 start_low=1 start_high=10000000 dur_n=10000000 dur_beta=2,3,random-None-uniform-uniform,seed=23512 n=5000  durmin_low=1 durmin_high=100 durmax_low=1 durmax_high=100,4,NestedVecs,,5,229424,0,0.38843384195222846,5000,3705,658,4363,NestedVecs.,1349.52766531714,388433841.952228
f10ec23dd2dd58a4445fc2f09034610750ca0be4b04cb0f433ae703f898804ca,2020-09-23T18:00:43Z,86cf4b7,ironmaiden,experiments/all.yml,random-uniform-zipf,seed=123 n=10000000 start_low=1 start_high=10000000 dur_n=10000000 dur_beta=2,3,random-None-uniform-uniform,seed=23512 n=5000  durmin_low=1 durmin_high=100 durmax_low=1 durmax_high=100,4,period-index-*,n_buckets=1024 max_levels=4,7,90176,0,0.022564002385100587,5000,63768,3831,67599,period-index-*.n_buckets=1024 max_levels=4,78.4092334713336,22564002.3851006
820a1b3aa4a2853ec1d3c50f56ea0f4a145a859b31f1ce83cbeb1becea7741ab,2020-09-23T18:10:38Z,86cf4b7,ironmaiden,experiments/all.yml,random-uniform-zipf,seed=123 n=10000000 start_low=1 start_high=10000000 dur_n=10000000 dur_beta=2,3,random-None-uniform-uniform,seed=23512 n=5000  durmin_low=1 durmin_high=100 durmax_low=1 durmax_high=100,4,period-index++,n_buckets=128,9,64,0,0.34772265832550375,5000,4140,40828,44968,period-index++.n_buckets=128,1207.72946859903,347722658.325504
39aaa1c4a04da46297b58b4008db0aed0a64c0305e798947f7d15d3fa2d886c0,2020-09-23T17:42:27Z,86cf4b7,ironmaiden,experiments/all.yml,random-uniform-zipf,seed=123 n=10000000 start_low=1 start_high=10000000 dur_n=10000000 dur_beta=2,3,random-None-uniform-uniform,seed=23512 n=5000  durmin_low=1 durmin_high=10000 durmax_low=1 durmax_high=10000,4,BTree,,5,24,0,0.40041510654599755,5000,83,302,385,BTree.,60240.9638554217,400415106.545998
87a58604d18a777af5c7da0dc912dc477e8814ee1022d2e4fb323ffeae702b0a,2020-09-23T17:44:01Z,86cf4b7,ironmaiden,experiments/all.yml,random-uniform-zipf,seed=123 n=10000000 start_low=1 start_high=10000000 dur_n=10000000 dur_beta=2,3,random-None-uniform-uniform,seed=23512 n=5000  durmin_low=1 durmin_high=10000 durmax_low=1 durmax_high=10000,4,grid,n_buckets=32,6,24712,0,8.454075731061041e-4,5000,39074,15794,54868,grid.n_buckets=32,127.962327890669,845407.573106104
9e1d6433c1689af0db25ee595607f40832aad22c4a0a1a533273de3649ac77d3,2020-09-23T17:47:48Z,86cf4b7,ironmaiden,experiments/all.yml,random-uniform-zipf,seed=123 n=10000000 start_low=1 start_high=10000000 dur_n=10000000 dur_beta=2,3,random-None-uniform-uniform,seed=23512 n=5000  durmin_low=1 durmin_high=10000 durmax_low=1 durmax_high=10000,4,grid3D,n_buckets=128,6,14448,0,0.03509997133634729,5000,942,13816,14758,grid3D.n_buckets=128,5307.85562632696,35099971.3363473
18969036ea8addc206ffc06845fca792d20c9515c08e3d4758bd183856c4e13b,2020-09-23T17:42:28Z,86cf4b7,ironmaiden,experiments/all.yml,random-uniform-zipf,seed=123 n=10000000 start_low=1 start_high=10000000 dur_n=10000000 dur_beta=2,3,random-None-uniform-uniform,seed=23512 n=5000  durmin_low=1 durmin_high=10000 durmax_low=1 durmax_high=10000,4,NestedBTree,,4,24,0,0.05986056081534437,5000,553,4320,4873,NestedBTree.,9041.59132007233,59860560.8153444
c14008b4db327b0d4beb3101393ee411cc7aba3e681842265a6d1cae76311eb4,2020-09-23T17:42:34Z,86cf4b7,ironmaiden,experiments/all.yml,random-uniform-zipf,seed=123 n=10000000 start_low=1 start_high=10000000 dur_n=10000000 dur_beta=2,3,random-None-uniform-uniform,seed=23512 n=5000  durmin_low=1 durmin_high=10000 durmax_low=1 durmax_high=10000,4,NestedVecs,,5,229424,0,0.33158587596379885,5000,101,625,726,NestedVecs.,49504.9504950495,331585875.963799
391ffebc4ec50b594ce1f28a63bdc1496c26431e8b7584fc1bd7de3bbc2a5617,2020-09-23T17:48:27Z,86cf4b7,ironmaiden,experiments/all.yml,random-uniform-zipf,seed=123 n=10000000 start_low=1 start_high=10000000 dur_n=10000000 dur_beta=2,3,random-None-uniform-uniform,seed=23512 n=5000  durmin_low=1 durmin_high=10000 durmax_low=1 durmax_high=10000,4,period-index-*,n_buckets=1024 max_levels=32,7,90176,0,0.011817706530378785,5000,2796,6584,9380,period-index-*.n_buckets=1024 max_levels=32,1788.26895565093,11817706.5303788
5c4a885a61ff740082ff508f44768bf0613705719b4479e644048f6bafe68683,2020-09-23T17:51:18Z,86cf4b7,ironmaiden,experiments/all.yml,random-uniform-zipf,seed=123 n=10000000 start_low=1 start_high=10000000 dur_n=10000000 dur_beta=2,3,random-None-uniform-uniform,seed=23512 n=5000  durmin_low=1 durmin_high=10000 durmax_low=1 durmax_high=10000,4,period-index++,n_buckets=32,9,64,0,0.0710361068896604,5000,466,15075,15541,period-index++.n_buckets=32,10729.6137339056,71036106.8896604
009a46ded7140152692d06605efd88cfe6b42feec5a1643b6dc9bb682e47a5e2,2020-09-23T17:25:42Z,86cf4b7,ironmaiden,experiments/all.yml,random-uniform-zipf,seed=123 n=10000000 start_low=1 start_high=10000000 dur_n=10000000 dur_beta=2,3,random-uniform-zipf-None,seed=23512 n=5000 start_low=1 start_high=10000000 dur_n=10000000 dur_beta=1 ,4,BTree,,5,24,0,0.01764529952891963,5000,123450,332,123782,BTree.,40.5022276225192,17645299.5289196
8e2fe4915ab7fc2b148377b86dfc0e613aca1bc1dce0dcddab1acfc30f54c1d0,2020-09-23T17:30:49Z,86cf4b7,ironmaiden,experiments/all.yml,random-uniform-zipf,seed=123 n=10000000 start_low=1 start_high=10000000 dur_n=10000000 dur_beta=2,3,random-uniform-zipf-None,seed=23512 n=5000 start_low=1 start_high=10000000 dur_n=10000000 dur_beta=1 ,4,grid,n_buckets=128,6,393352,0,0.4499247377249695,5000,4843,15925,20768,grid.n_buckets=128,1032.41792277514,449924737.724969
aaef5e00fb25f16a7cf64ec7c42d2909c76484a4f708a7ae86cbf5425d24fa90,2020-09-23T17:32:24Z,86cf4b7,ironmaiden,experiments/all.yml,random-uniform-zipf,seed=123 n=10000000 start_low=1 start_high=10000000 dur_n=10000000 dur_beta=2,3,random-uniform-zipf-None,seed=23512 n=5000 start_low=1 start_high=10000000 dur_n=10000000 dur_beta=1 ,4,grid3D,n_buckets=128,6,14448,0,0.39769921722192725,5000,5478,13998,19476,grid3D.n_buckets=128,912.741876597298,397699217.221927
b9096ca5b42dddd8ca1897dfcf66d3a5eee835d9971f108d262f6ec41936604c,2020-09-23T17:28:37Z,86cf4b7,ironmaiden,experiments/all.yml,random-uniform-zipf,seed=123 n=10000000 start_low=1 start_high=10000000 dur_n=10000000 dur_beta=2,3,random-uniform-zipf-None,seed=23512 n=5000 start_low=1 start_high=10000000 dur_n=10000000 dur_beta=1 ,4,interval-tree,,5,16,0,0.04823813075489935,5000,45158,3611,48769,interval-tree.,110.722352628549,48238130.7548993
6ba68126b4288b550434339f3078c8e1705969195e6725c664703438e5912ce3,2020-09-23T17:27:47Z,86cf4b7,ironmaiden,experiments/all.yml,random-uniform-zipf,seed=123 n=10000000 start_low=1 start_high=10000000 dur_n=10000000 dur_beta=2,3,random-uniform-zipf-None,seed=23512 n=5000 start_low=1 start_high=10000000 dur_n=10000000 dur_beta=1 ,4,NestedBTree,,4,24,0,0.05980311233878126,5000,36426,4342,40768,NestedBTree.,137.264591226047,59803112.3387813
6344dea0f5d6f4be3401e95bcfdc27862e61161cd7fcf1f2a68503b41a9ce1ff,2020-09-23T17:28:29Z,86cf4b7,ironmaiden,experiments/all.yml,random-uniform-zipf,seed=123 n=10000000 start_low=1 start_high=10000000 dur_n=10000000 dur_beta=2,3,random-uniform-zipf-None,seed=23512 n=5000 start_low=1 start_high=10000000 dur_n=10000000 dur_beta=1 ,4,NestedVecs,,5,229424,0,0.33380990353448575,5000,6527,641,7168,NestedVecs.,766.048720698636,333809903.534486
4491bd0aead41d05015f9565931a6dd6eedc2d89503fed4ce05adc8767349c93,2020-09-23T17:32:44Z,86cf4b7,ironmaiden,experiments/all.yml,random-uniform-zipf,seed=123 n=10000000 start_low=1 start_high=10000000 dur_n=10000000 dur_beta=2,3,random-uniform-zipf-None,seed=23512 n=5000 start_low=1 start_high=10000000 dur_n=10000000 dur_beta=1 ,4,period-index-*,n_buckets=1024 max_levels=4,7,90176,0,0.5285266211083718,5000,4123,3749,7872,period-index-*.n_buckets=1024 max_levels=4,1212.70919233568,528526621.108372
96eabc20bc4dec1640c9cb8f33f936fc5090f276fa91578c0960a298b5899bdb,2020-09-23T17:41:41Z,86cf4b7,ironmaiden,experiments/all.yml,random-uniform-zipf,seed=123 n=10000000 start_low=1 start_high=10000000 dur_n=10000000 dur_beta=2,3,random-uniform-zipf-None,seed=23512 n=5000 start_low=1 start_high=10000000 dur_n=10000000 dur_beta=1 ,4,period-index++,n_buckets=128,9,64,0,0.5176976449507125,5000,4209,40894,45103,period-index++.n_buckets=128,1187.93062485151,517697644.950712
c4df0ef17fadc938934430787655a96b5ad008704222397f9f428910734b0c5c,2020-09-23T17:16:56Z,86cf4b7,ironmaiden,experiments/all.yml,random-uniform-zipf,seed=123 n=10000000 start_low=1 start_high=10000000 dur_n=10000000 dur_beta=2,3,random-uniform-zipf-uniform-uniform,seed=23512 n=5000 start_low=1 start_high=10000000 dur_n=10000000 dur_beta=1 durmin_low=1 durmin_high=100 durmax_low=1 durmax_high=100,4,BTree,,5,24,0,0.015894628814854275,5000,3439,315,3754,BTree.,1453.91102064554,15894628.8148543
de9a959bb110d78e3927102eddad687b2fed2a0231bba9e728f0d9606ee267f3,2020-09-23T17:19:13Z,86cf4b7,ironmaiden,experiments/all.yml,random-uniform-zipf,seed=123 n=10000000 start_low=1 start_high=10000000 dur_n=10000000 dur_beta=2,3,random-uniform-zipf-uniform-uniform,seed=23512 n=5000 start_low=1 start_high=10000000 dur_n=10000000 dur_beta=1 durmin_low=1 durmin_high=100 durmax_low=1 durmax_high=100,4,grid,n_buckets=128,6,393352,0,0.014955858507488396,5000,3655,15687,19342,grid.n_buckets=128,1367.98905608755,14955858.5074884
3959261f2035c2afd22d829c1c0e6a2dffea1dd8456783e539e240586a830021,2020-09-23T17:20:22Z,86cf4b7,ironmaiden,experiments/all.yml,random-uniform-zipf,seed=123 n=10000000 start_low=1 start_high=10000000 dur_n=10000000 dur_beta=2,3,random-uniform-zipf-uniform-uniform,seed=23512 n=5000 start_low=1 start_high=10000000 dur_n=10000000 dur_beta=1 durmin_low=1 durmin_high=100 durmax_low=1 durmax_high=100,4,grid3D,n_buckets=128,6,14448,0,0.19234521905460264,5000,285,14073,14358,grid3D.n_buckets=128,17543.8596491228,192345219.054603
1091de94f86b3e7af5824a96f7f7f8a97b7fda9ccb95af8d7c6d370a45dbfd7d,2020-09-23T17:17:08Z,86cf4b7,ironmaiden,experiments/all.yml,random-uniform-zipf,seed=123 n=10000000 start_low=1 start_high=10000000 dur_n=10000000 dur_beta=2,3,random-uniform-zipf-uniform-uniform,seed=23512 n=5000 start_low=1 start_high=10000000 dur_n=10000000 dur_beta=1 durmin_low=1 durmin_high=100 durmax_low=1 durmax_high=100,4,interval-tree,,5,16,0,0.0012473114582658173,5000,43810,3591,47401,interval-tree.,114.129194247889,1247311.45826582
ef771bab24cdd107b883e9f252ee8708cfb5562d19ef1d9e3a83fb17a009dccf,2020-09-23T17:17:00Z,86cf4b7,ironmaiden,experiments/all.yml,random-uniform-zipf,seed=123 n=10000000 start_low=1 start_high=10000000 dur_n=10000000 dur_beta=2,3,random-uniform-zipf-uniform-uniform,seed=23512 n=5000 start_low=1 start_high=10000000 dur_n=10000000 dur_beta=1 durmin_low=1 durmin_high=100 durmax_low=1 durmax_high=100,4,NestedBTree,,4,24,0,0.06897753600081614,5000,793,4292,5085,NestedBTree.,6305.17023959647,68977536.0008161
19932807c841f754512b49bcbbc90af7b0f1bdf9a981a57ea59916ebed88e05a,2020-09-23T17:17:07Z,86cf4b7,ironmaiden,experiments/all.yml,random-uniform-zipf,seed=123 n=10000000 start_low=1 start_high=10000000 dur_n=10000000 dur_beta=2,3,random-uniform-zipf-uniform-uniform,seed=23512 n=5000 start_low=1 start_high=10000000 dur_n=10000000 dur_beta=1 durmin_low=1 durmin_high=100 durmax_low=1 durmax_high=100,4,NestedVecs,,5,229424,0,0.3988395574476573,5000,138,626,764,NestedVecs.,36231.884057971,398839557.447657
1015e4f49e8fb3e0ac1dd0f7d2037077a3e7a19d3ec7193f019e6c50bc81c773,2020-09-23T17:20:38Z,86cf4b7,ironmaiden,experiments/all.yml,random-uniform-zipf,seed=123 n=10000000 start_low=1 start_high=10000000 dur_n=10000000 dur_beta=2,3,random-uniform-zipf-uniform-uniform,seed=23512 n=5000 start_low=1 start_high=10000000 dur_n=10000000 dur_beta=1 durmin_low=1 durmin_high=100 durmax_low=1 durmax_high=100,4,period-index-*,n_buckets=1024 max_levels=4,7,90176,0,0.020010800918298006,5000,2732,3762,6494,period-index-*.n_buckets=1024 max_levels=4,1830.16105417277,20010800.918298
9623f3587d2870dc7297b78ed5531b0bbd2be8fd259279ab9313053be1b9d555,2020-09-23T17:25:00Z,86cf4b7,ironmaiden,experiments/all.yml,random-uniform-zipf,seed=123 n=10000000 start_low=1 start_high=10000000 dur_n=10000000 dur_beta=2,3,random-uniform-zipf-uniform-uniform,seed=23512 n=5000 start_low=1 start_high=10000000 dur_n=10000000 dur_beta=1 durmin_low=1 durmin_high=100 durmax_low=1 durmax_high=100,4,period-index++,n_buckets=128,9,64,0,0.20134909223695743,5000,272,40913,41185,period-index++.n_buckets=128,18382.3529411765,201349092.236957
d16aab647f6d762e6bb53ccf6a1990fe8b71c6f318660044c5f631323ecff219,2020-09-23T17:08:37Z,86cf4b7,ironmaiden,experiments/all.yml,random-uniform-zipf,seed=123 n=10000000 start_low=1 start_high=10000000 dur_n=10000000 dur_beta=2,3,random-uniform-zipf-uniform-uniform,seed=23512 n=5000 start_low=1 start_high=10000000 dur_n=10000000 dur_beta=1 durmin_low=1 durmin_high=10000 durmax_low=1 durmax_high=10000,4,BTree,,5,24,0,0.007289284551902614,5000,113,316,429,BTree.,44247.7876106195,7289284.55190261
354a44a9dac5b0ee4a0402563ff3238746c9aa3ad24cf28dd73b65a9edef31d1,2020-09-23T17:10:55Z,86cf4b7,ironmaiden,experiments/all.yml,random-uniform-zipf,seed=123 n=10000000 start_low=1 start_high=10000000 dur_n=10000000 dur_beta=2,3,random-uniform-zipf-uniform-uniform,seed=23512 n=5000 start_low=1 start_high=10000000 dur_n=10000000 dur_beta=1 durmin_low=1 durmin_high=10000 durmax_low=1 durmax_high=10000,4,grid,n_buckets=128,6,393352,0,2.537973319523698e-4,5000,3223,15776,18999,grid.n_buckets=128,1551.34967421657,253797.33195237
3e30955d8e277328c9cc25b1bd1e9a025e4bd2f9073ca66afdf207bacdb236d3,2020-09-23T17:12:02Z,86cf4b7,ironmaiden,experiments/all.yml,random-uniform-zipf,seed=123 n=10000000 start_low=1 start_high=10000000 dur_n=10000000 dur_beta=2,3,random-uniform-zipf-uniform-uniform,seed=23512 n=5000 start_low=1 start_high=10000000 dur_n=10000000 dur_beta=1 durmin_low=1 durmin_high=10000 durmax_low=1 durmax_high=10000,4,grid3D,n_buckets=128,6,14448,0,0.015772631120316412,5000,53,14115,14168,grid3D.n_buckets=128,94339.6226415094,15772631.1203164
7be56772a4680c9f5c8c6646b61b1b971c867fea5f00b85b5559eec65164ee15,2020-09-23T17:08:46Z,86cf4b7,ironmaiden,experiments/all.yml,random-uniform-zipf,seed=123 n=10000000 start_low=1 start_high=10000000 dur_n=10000000 dur_beta=2,3,random-uniform-zipf-uniform-uniform,seed=23512 n=5000 start_low=1 start_high=10000000 dur_n=10000000 dur_beta=1 durmin_low=1 durmin_high=10000 durmax_low=1 durmax_high=10000,4,interval-tree,,5,16,0,1.6310345608404998e-5,5000,50127,3633,53760,interval-tree.,99.7466435254454,16310.345608405
c5ab5433fcffba4001d2bff8c09e61fb0c7b4f88d07e044c8d9e1917ca74241a,2020-09-23T17:08:38Z,86cf4b7,ironmaiden,experiments/all.yml,random-uniform-zipf,seed=123 n=10000000 start_low=1 start_high=10000000 dur_n=10000000 dur_beta=2,3,random-uniform-zipf-uniform-uniform,seed=23512 n=5000 start_low=1 start_high=10000000 dur_n=10000000 dur_beta=1 durmin_low=1 durmin_high=10000 durmax_low=1 durmax_high=10000,4,NestedBTree,,4,24,0,0.0048054584509177895,5000,171,4521,4692,NestedBTree.,29239.7660818713,4805458.45091779
03042a8ec2eae03eea99346d60b0344248b52d325a251adbbfeb709a54f2e6d7,2020-09-23T17:08:44Z,86cf4b7,ironmaiden,experiments/all.yml,random-uniform-zipf,seed=123 n=10000000 start_low=1 start_high=10000000 dur_n=10000000 dur_beta=2,3,random-uniform-zipf-uniform-uniform,seed=23512 n=5000 start_low=1 start_high=10000000 dur_n=10000000 dur_beta=1 durmin_low=1 durmin_high=10000 durmax_low=1 durmax_high=10000,4,NestedVecs,,5,229424,0,0.02096218999947874,5000,40,640,680,NestedVecs.,125000,20962189.9994787
ea74e335e39044f545df6e8ab45e7ae505bf1ec489c69ef4b7bff2bfd0dc15e8,2020-09-23T17:12:27Z,86cf4b7,ironmaiden,experiments/all.yml,random-uniform-zipf,seed=123 n=10000000 start_low=1 start_high=10000000 dur_n=10000000 dur_beta=2,3,random-uniform-zipf-uniform-uniform,seed=23512 n=5000 start_low=1 start_high=10000000 dur_n=10000000 dur_beta=1 durmin_low=1 durmin_high=10000 durmax_low=1 durmax_high=10000,4,period-index-*,n_buckets=1024 max_levels=32,7,90176,0,0.00901509733310662,5000,92,6488,6580,period-index-*.n_buckets=1024 max_levels=32,54347.8260869565,9015097.33310662
04fcbe6f5a73c67b43565f7f78a754918ddf502eda085095dadbcc62d9f8d963,2020-09-23T17:14:42Z,86cf4b7,ironmaiden,experiments/all.yml,random-uniform-zipf,seed=123 n=10000000 start_low=1 start_high=10000000 dur_n=10000000 dur_beta=2,3,random-uniform-zipf-uniform-uniform,seed=23512 n=5000 start_low=1 start_high=10000000 dur_n=10000000 dur_beta=1 durmin_low=1 durmin_high=10000 durmax_low=1 durmax_high=10000,4,period-index++,n_buckets=32,9,64,0,0.025653325022758484,5000,33,13960,13993,period-index++.n_buckets=32,151515.151515152,25653325.0227585
