id,date,git_rev,hostname,conf_file,dataset_id,queryset_id,algorithm_id,qps,index_size_bytes,dataset_name,dataset_params,dataset_version,queryset_name,queryset_params,queryset_version,algorithm_name,algorithm_params,algorithm_version,time_queries,time_index,workload_type,start_times_distribution,time_constraint,duration_constraint
151,2021-01-08T17:34:23Z,88f79b3,ironmaiden,experiments/all.yml,1,1,151,494.706638963095,212404104,UZ,seed=123 n=10000000 start_low=1 start_high=10000000 dur_n=10000000 dur_beta=1,6,random-uniform-zipf-uniform,seed=23512 n=5000 start_low=1 start_high=10000000 dur_n=10000000 dur_beta=1 dur_dist_low=1 dur_dist_high=10000,7,BTree,,5,10107,2574,both,uniform,UZ,U
206,2021-01-08T18:37:00Z,88f79b3,ironmaiden,experiments/all.yml,76,1,151,574.184657785944,212404104,CZ,seed=123 n=10000000 start_n=10 start_high=10000000 start_stddev=100000 dur_n=10000000 dur_beta=1,6,random-uniform-zipf-uniform,seed=23512 n=5000 start_low=1 start_high=10000000 dur_n=10000000 dur_beta=1 dur_dist_low=1 dur_dist_high=10000,7,BTree,,5,8708,2578,both,clustered,UZ,U
162,2021-01-08T17:36:48Z,88f79b3,ironmaiden,experiments/all.yml,1,16,151,8.15568883763492,212404104,UZ,seed=123 n=10000000 start_low=1 start_high=10000000 dur_n=10000000 dur_beta=1,6,random-uniform-zipf-None,seed=23512 n=5000 start_low=1 start_high=10000000 dur_n=10000000 dur_beta=1 ,7,BTree,,5,613069,2597,time,uniform,UZ,-
217,2021-01-08T18:39:11Z,88f79b3,ironmaiden,experiments/all.yml,76,16,151,8.61305670492012,212404104,CZ,seed=123 n=10000000 start_n=10 start_high=10000000 start_stddev=100000 dur_n=10000000 dur_beta=1,6,random-uniform-zipf-None,seed=23512 n=5000 start_low=1 start_high=10000000 dur_n=10000000 dur_beta=1 ,7,BTree,,5,580514,2576,time,clustered,UZ,-
173,2021-01-08T17:52:14Z,88f79b3,ironmaiden,experiments/all.yml,1,31,151,432.71311120727,212404104,UZ,seed=123 n=10000000 start_low=1 start_high=10000000 dur_n=10000000 dur_beta=1,6,random-clustered-zipf-uniform,seed=23512 n=5000 start_n=10 start_high=10000000 start_stddev=100000 dur_n=10000000 dur_beta=1 dur_dist_low=1 dur_dist_high=10000,7,BTree,,5,11555,2626,both,uniform,CZ,U
228,2021-01-08T18:54:05Z,88f79b3,ironmaiden,experiments/all.yml,76,31,151,461.339730577597,212404104,CZ,seed=123 n=10000000 start_n=10 start_high=10000000 start_stddev=100000 dur_n=10000000 dur_beta=1,6,random-clustered-zipf-uniform,seed=23512 n=5000 start_n=10 start_high=10000000 start_stddev=100000 dur_n=10000000 dur_beta=1 dur_dist_low=1 dur_dist_high=10000,7,BTree,,5,10838,2568,both,clustered,CZ,U
184,2021-01-08T17:54:57Z,88f79b3,ironmaiden,experiments/all.yml,1,46,151,7.88730616945089,212404104,UZ,seed=123 n=10000000 start_low=1 start_high=10000000 dur_n=10000000 dur_beta=1,6,random-clustered-zipf-None,seed=23512 n=5000 start_n=10 start_high=10000000 start_stddev=100000 dur_n=10000000 dur_beta=1 ,7,BTree,,5,633930,2604,time,uniform,CZ,-
239,2021-01-08T18:56:46Z,88f79b3,ironmaiden,experiments/all.yml,76,46,151,8.03305763879517,212404104,CZ,seed=123 n=10000000 start_n=10 start_high=10000000 start_stddev=100000 dur_n=10000000 dur_beta=1,6,random-clustered-zipf-None,seed=23512 n=5000 start_n=10 start_high=10000000 start_stddev=100000 dur_n=10000000 dur_beta=1 ,7,BTree,,5,622428,2511,time,clustered,CZ,-
195,2021-01-08T18:11:06Z,88f79b3,ironmaiden,experiments/all.yml,1,61,151,43103.4482758621,212404104,UZ,seed=123 n=10000000 start_low=1 start_high=10000000 dur_n=10000000 dur_beta=1,6,random-None-uniform,seed=23512 n=5000  dur_dist_low=1 dur_dist_high=10000,7,BTree,,5,116,2509,duration,uniform,-,U
250,2021-01-08T19:13:46Z,88f79b3,ironmaiden,experiments/all.yml,76,61,151,42735.0427350427,212404104,CZ,seed=123 n=10000000 start_n=10 start_high=10000000 start_stddev=100000 dur_n=10000000 dur_beta=1,6,random-None-uniform,seed=23512 n=5000  dur_dist_low=1 dur_dist_high=10000,7,BTree,,5,117,2572,duration,clustered,-,U
731,2021-01-11T07:44:04Z,4b75f28,ironmaiden,experiments/real-world.yml,731,731,151,666666.666666667,15938648,Flight,,1,random-None-uniform-scaled,seed=23512 n=10000  dur_dist_low=1 dur_dist_high=1140 dur_dist_scale=1,7,BTree,,5,15,41,Unknown,clustered,-,U
809,2021-01-11T07:48:19Z,4b75f28,ironmaiden,experiments/real-world.yml,809,809,151,3450.65562456867,31452184,Webkit,,1,random-None-uniform,seed=23512 n=10000  dur_dist_low=1 dur_dist_high=94670777924,7,BTree,,5,2898,305,duration,clustered,-,U
835,2021-01-11T08:21:58Z,4b75f28,ironmaiden,experiments/real-world.yml,809,835,151,47.1604682091284,31452184,Webkit,,1,random-uniform-scaled-uniform-scaled-None,seed=23512 n=10000 start_low=1 start_high=6980952 start_scale=60000 dur_low=1 dur_high=31556925975 dur_scale=60000 ,7,BTree,,5,212042,256,Unknown,clustered,UU,-
861,2021-01-11T08:56:59Z,4b75f28,ironmaiden,experiments/real-world.yml,809,861,151,755.287009063444,31452184,Webkit,,1,random-uniform-scaled-uniform-scaled-uniform,seed=23512 n=10000 start_low=1 start_high=6980952 start_scale=60000 dur_low=1 dur_high=31556925975 dur_scale=60000 dur_dist_low=1 dur_dist_high=94670777924,7,BTree,,5,13240,261,Unknown,clustered,UU,U
887,2021-01-13T06:01:54Z,bbff1ba,ironmaiden,experiments/real-world.yml,897,897,151,5e+06,20724248,Tourism,,1,random-None-uniform,seed=23512 n=5000  dur_dist_low=1 dur_dist_high=120,7,BTree,,5,1,37,duration,clustered,-,U
913,2021-01-13T06:03:45Z,bbff1ba,ironmaiden,experiments/real-world.yml,897,923,151,1346.98275862069,20724248,Tourism,,1,random-uniform-uniform-None,seed=23512 n=5000 start_low=1 start_high=2055 dur_low=1 dur_high=90 ,7,BTree,,5,3712,31,Unknown,clustered,UU,-
939,2021-01-13T06:04:15Z,bbff1ba,ironmaiden,experiments/real-world.yml,897,949,151,13404.8257372654,20724248,Tourism,,1,random-uniform-uniform-uniform,seed=23512 n=5000 start_low=1 start_high=2055 dur_low=1 dur_high=90 dur_dist_low=1 dur_dist_high=120,7,BTree,,5,373,32,Unknown,clustered,UU,U
2118,2021-02-19T06:55:54Z,72c58c5,ironmaiden,experiments/real-world.yml,731,2168,151,2746.49821477616,15938648,Flight,,1,random-uniform-scaled-uniform-scaled-None,seed=23512 n=10000 start_low=1 start_high=666 start_scale=1440 dur_low=1 dur_high=744 dur_scale=60 ,7,BTree,,5,3641,38,Unknown,clustered,UU,-
2188,2021-02-19T06:57:34Z,72c58c5,ironmaiden,experiments/real-world.yml,731,2238,151,13986.013986014,15938648,Flight,,1,random-uniform-scaled-uniform-scaled-uniform-scaled,seed=23512 n=10000 start_low=1 start_high=666 start_scale=1440 dur_low=1 dur_high=744 dur_scale=60 dur_dist_low=1 dur_dist_high=1140 dur_dist_scale=1,7,BTree,,5,715,40,Unknown,clustered,UU,U
154,2021-01-08T17:35:15Z,88f79b3,ironmaiden,experiments/all.yml,1,1,154,1524.85513876182,241328144,UZ,seed=123 n=10000000 start_low=1 start_high=10000000 dur_n=10000000 dur_beta=1,6,random-uniform-zipf-uniform,seed=23512 n=5000 start_low=1 start_high=10000000 dur_n=10000000 dur_beta=1 dur_dist_low=1 dur_dist_high=10000,7,grid-file,side_cells=1000,1,3279,1196,both,uniform,UZ,U
209,2021-01-08T18:37:44Z,88f79b3,ironmaiden,experiments/all.yml,76,1,154,1929.01234567901,253392272,CZ,seed=123 n=10000000 start_n=10 start_high=10000000 start_stddev=100000 dur_n=10000000 dur_beta=1,6,random-uniform-zipf-uniform,seed=23512 n=5000 start_low=1 start_high=10000000 dur_n=10000000 dur_beta=1 dur_dist_low=1 dur_dist_high=10000,7,grid-file,side_cells=1000,1,2592,700,both,clustered,UZ,U
164,2021-01-08T17:47:34Z,88f79b3,ironmaiden,experiments/all.yml,1,16,153,468.691413573303,276553072,UZ,seed=123 n=10000000 start_low=1 start_high=10000000 dur_n=10000000 dur_beta=1,6,random-uniform-zipf-None,seed=23512 n=5000 start_low=1 start_high=10000000 dur_n=10000000 dur_beta=1 ,7,grid-file,side_cells=100,1,10668,455,time,uniform,UZ,-
219,2021-01-08T18:49:20Z,88f79b3,ironmaiden,experiments/all.yml,76,16,153,482.346131584025,219424064,CZ,seed=123 n=10000000 start_n=10 start_high=10000000 start_stddev=100000 dur_n=10000000 dur_beta=1,6,random-uniform-zipf-None,seed=23512 n=5000 start_low=1 start_high=10000000 dur_n=10000000 dur_beta=1 ,7,grid-file,side_cells=100,1,10366,406,time,clustered,UZ,-
176,2021-01-08T17:53:10Z,88f79b3,ironmaiden,experiments/all.yml,1,31,154,1336.89839572192,241328144,UZ,seed=123 n=10000000 start_low=1 start_high=10000000 dur_n=10000000 dur_beta=1,6,random-clustered-zipf-uniform,seed=23512 n=5000 start_n=10 start_high=10000000 start_stddev=100000 dur_n=10000000 dur_beta=1 dur_dist_low=1 dur_dist_high=10000,7,grid-file,side_cells=1000,1,3740,847,both,uniform,CZ,U
231,2021-01-08T18:55:03Z,88f79b3,ironmaiden,experiments/all.yml,76,31,154,1415.22785168412,253392272,CZ,seed=123 n=10000000 start_n=10 start_high=10000000 start_stddev=100000 dur_n=10000000 dur_beta=1,6,random-clustered-zipf-uniform,seed=23512 n=5000 start_n=10 start_high=10000000 start_stddev=100000 dur_n=10000000 dur_beta=1 dur_dist_low=1 dur_dist_high=10000,7,grid-file,side_cells=1000,1,3533,709,both,clustered,CZ,U
186,2021-01-08T18:06:03Z,88f79b3,ironmaiden,experiments/all.yml,1,46,153,457.749702462693,276553072,UZ,seed=123 n=10000000 start_low=1 start_high=10000000 dur_n=10000000 dur_beta=1,6,random-clustered-zipf-None,seed=23512 n=5000 start_n=10 start_high=10000000 start_stddev=100000 dur_n=10000000 dur_beta=1 ,7,grid-file,side_cells=100,1,10923,545,time,uniform,CZ,-
241,2021-01-08T19:07:45Z,88f79b3,ironmaiden,experiments/all.yml,76,46,153,367.701132519488,219424064,CZ,seed=123 n=10000000 start_n=10 start_high=10000000 start_stddev=100000 dur_n=10000000 dur_beta=1,6,random-clustered-zipf-None,seed=23512 n=5000 start_n=10 start_high=10000000 start_stddev=100000 dur_n=10000000 dur_beta=1 ,7,grid-file,side_cells=100,1,13598,410,time,clustered,CZ,-
198,2021-01-08T18:16:02Z,88f79b3,ironmaiden,experiments/all.yml,1,61,154,76.3825236785823,241328144,UZ,seed=123 n=10000000 start_low=1 start_high=10000000 dur_n=10000000 dur_beta=1,6,random-None-uniform,seed=23512 n=5000  dur_dist_low=1 dur_dist_high=10000,7,grid-file,side_cells=1000,1,65460,854,duration,uniform,-,U
253,2021-01-08T19:18:51Z,88f79b3,ironmaiden,experiments/all.yml,76,61,154,77.2248478670497,253392272,CZ,seed=123 n=10000000 start_n=10 start_high=10000000 start_stddev=100000 dur_n=10000000 dur_beta=1,6,random-None-uniform,seed=23512 n=5000  dur_dist_low=1 dur_dist_high=10000,7,grid-file,side_cells=1000,1,64746,691,duration,clustered,-,U
733,2021-01-11T07:44:09Z,4b75f28,ironmaiden,experiments/real-world.yml,731,731,153,3799.39209726444,15914272,Flight,,1,random-None-uniform-scaled,seed=23512 n=10000  dur_dist_low=1 dur_dist_high=1140 dur_dist_scale=1,7,grid-file,side_cells=100,1,2632,20,Unknown,clustered,-,U
811,2021-01-11T07:48:39Z,4b75f28,ironmaiden,experiments/real-world.yml,809,809,153,1941.370607649,35627872,Webkit,,1,random-None-uniform,seed=23512 n=10000  dur_dist_low=1 dur_dist_high=94670777924,7,grid-file,side_cells=100,1,5151,53,duration,clustered,-,U
837,2021-01-11T08:25:54Z,4b75f28,ironmaiden,experiments/real-world.yml,809,835,153,461.339730577597,35627872,Webkit,,1,random-uniform-scaled-uniform-scaled-None,seed=23512 n=10000 start_low=1 start_high=6980952 start_scale=60000 dur_low=1 dur_high=31556925975 dur_scale=60000 ,7,grid-file,side_cells=100,1,21676,53,Unknown,clustered,UU,-
863,2021-01-11T08:57:28Z,4b75f28,ironmaiden,experiments/real-world.yml,809,861,153,2339.18128654971,35627872,Webkit,,1,random-uniform-scaled-uniform-scaled-uniform,seed=23512 n=10000 start_low=1 start_high=6980952 start_scale=60000 dur_low=1 dur_high=31556925975 dur_scale=60000 dur_dist_low=1 dur_dist_high=94670777924,7,grid-file,side_cells=100,1,4275,53,Unknown,clustered,UU,U
890,2021-01-13T06:02:00Z,bbff1ba,ironmaiden,experiments/real-world.yml,897,897,154,5170.63081695967,43108016,Tourism,,1,random-None-uniform,seed=23512 n=5000  dur_dist_low=1 dur_dist_high=120,7,grid-file,side_cells=1000,1,967,39,duration,clustered,-,U
915,2021-01-13T06:03:51Z,bbff1ba,ironmaiden,experiments/real-world.yml,897,923,153,16339.8692810458,18577952,Tourism,,1,random-uniform-uniform-None,seed=23512 n=5000 start_low=1 start_high=2055 dur_low=1 dur_high=90 ,7,grid-file,side_cells=100,1,306,25,Unknown,clustered,UU,-
942,2021-01-13T06:04:18Z,bbff1ba,ironmaiden,experiments/real-world.yml,897,949,154,161290.322580645,43108016,Tourism,,1,random-uniform-uniform-uniform,seed=23512 n=5000 start_low=1 start_high=2055 dur_low=1 dur_high=90 dur_dist_low=1 dur_dist_high=120,7,grid-file,side_cells=1000,1,31,39,Unknown,clustered,UU,U
2120,2021-02-19T06:56:00Z,72c58c5,ironmaiden,experiments/real-world.yml,731,2168,153,50000,15914272,Flight,,1,random-uniform-scaled-uniform-scaled-None,seed=23512 n=10000 start_low=1 start_high=666 start_scale=1440 dur_low=1 dur_high=744 dur_scale=60 ,7,grid-file,side_cells=100,1,200,20,Unknown,clustered,UU,-
2190,2021-02-19T06:57:36Z,72c58c5,ironmaiden,experiments/real-world.yml,731,2238,153,185185.185185185,15914272,Flight,,1,random-uniform-scaled-uniform-scaled-uniform-scaled,seed=23512 n=10000 start_low=1 start_high=666 start_scale=1440 dur_low=1 dur_high=744 dur_scale=60 dur_dist_low=1 dur_dist_high=1140 dur_dist_scale=1,7,grid-file,side_cells=100,1,54,23,Unknown,clustered,UU,U
155,2021-01-08T17:35:20Z,88f79b3,ironmaiden,experiments/all.yml,1,1,155,255.506157698401,500600736,UZ,seed=123 n=10000000 start_low=1 start_high=10000000 dur_n=10000000 dur_beta=1,6,random-uniform-zipf-uniform,seed=23512 n=5000 start_low=1 start_high=10000000 dur_n=10000000 dur_beta=1 dur_dist_low=1 dur_dist_high=10000,7,interval-tree,,5,19569,3415,both,uniform,UZ,U
210,2021-01-08T18:37:48Z,88f79b3,ironmaiden,experiments/all.yml,76,1,155,350.655726208009,488103392,CZ,seed=123 n=10000000 start_n=10 start_high=10000000 start_stddev=100000 dur_n=10000000 dur_beta=1,6,random-uniform-zipf-uniform,seed=23512 n=5000 start_low=1 start_high=10000000 dur_n=10000000 dur_beta=1 dur_dist_low=1 dur_dist_high=10000,7,interval-tree,,5,14259,3393,both,clustered,UZ,U
166,2021-01-08T17:48:25Z,88f79b3,ironmaiden,experiments/all.yml,1,16,155,256.042605489553,500600736,UZ,seed=123 n=10000000 start_low=1 start_high=10000000 dur_n=10000000 dur_beta=1,6,random-uniform-zipf-None,seed=23512 n=5000 start_low=1 start_high=10000000 dur_n=10000000 dur_beta=1 ,7,interval-tree,,5,19528,3335,time,uniform,UZ,-
221,2021-01-08T18:50:03Z,88f79b3,ironmaiden,experiments/all.yml,76,16,155,357.500357500357,488103392,CZ,seed=123 n=10000000 start_n=10 start_high=10000000 start_stddev=100000 dur_n=10000000 dur_beta=1,6,random-uniform-zipf-None,seed=23512 n=5000 start_low=1 start_high=10000000 dur_n=10000000 dur_beta=1 ,7,interval-tree,,5,13986,3307,time,clustered,UZ,-
177,2021-01-08T17:53:15Z,88f79b3,ironmaiden,experiments/all.yml,1,31,155,183.425657580982,500600736,UZ,seed=123 n=10000000 start_low=1 start_high=10000000 dur_n=10000000 dur_beta=1,6,random-clustered-zipf-uniform,seed=23512 n=5000 start_n=10 start_high=10000000 start_stddev=100000 dur_n=10000000 dur_beta=1 dur_dist_low=1 dur_dist_high=10000,7,interval-tree,,5,27259,3624,both,uniform,CZ,U
232,2021-01-08T18:55:08Z,88f79b3,ironmaiden,experiments/all.yml,76,31,155,224.951635398389,488103392,CZ,seed=123 n=10000000 start_n=10 start_high=10000000 start_stddev=100000 dur_n=10000000 dur_beta=1,6,random-clustered-zipf-uniform,seed=23512 n=5000 start_n=10 start_high=10000000 start_stddev=100000 dur_n=10000000 dur_beta=1 dur_dist_low=1 dur_dist_high=10000,7,interval-tree,,5,22227,3186,both,clustered,CZ,U
188,2021-01-08T18:06:51Z,88f79b3,ironmaiden,experiments/all.yml,1,46,155,215.870822899577,500600736,UZ,seed=123 n=10000000 start_low=1 start_high=10000000 dur_n=10000000 dur_beta=1,6,random-clustered-zipf-None,seed=23512 n=5000 start_n=10 start_high=10000000 start_stddev=100000 dur_n=10000000 dur_beta=1 ,7,interval-tree,,5,23162,3385,time,uniform,CZ,-
243,2021-01-08T19:08:36Z,88f79b3,ironmaiden,experiments/all.yml,76,46,155,273.942581634889,488103392,CZ,seed=123 n=10000000 start_n=10 start_high=10000000 start_stddev=100000 dur_n=10000000 dur_beta=1,6,random-clustered-zipf-None,seed=23512 n=5000 start_n=10 start_high=10000000 start_stddev=100000 dur_n=10000000 dur_beta=1 ,7,interval-tree,,5,18252,3161,time,clustered,CZ,-
199,2021-01-08T18:17:09Z,88f79b3,ironmaiden,experiments/all.yml,1,61,155,13.1890277840059,500600736,UZ,seed=123 n=10000000 start_low=1 start_high=10000000 dur_n=10000000 dur_beta=1,6,random-None-uniform,seed=23512 n=5000  dur_dist_low=1 dur_dist_high=10000,7,interval-tree,,5,379103,3349,duration,uniform,-,U
254,2021-01-08T19:19:57Z,88f79b3,ironmaiden,experiments/all.yml,76,61,155,16.1948040590657,488103392,CZ,seed=123 n=10000000 start_n=10 start_high=10000000 start_stddev=100000 dur_n=10000000 dur_beta=1,6,random-None-uniform,seed=23512 n=5000  dur_dist_low=1 dur_dist_high=10000,7,interval-tree,,5,308741,3174,duration,clustered,-,U
735,2021-01-11T07:44:28Z,4b75f28,ironmaiden,experiments/real-world.yml,731,731,155,685.30701754386,30468688,Flight,,1,random-None-uniform-scaled,seed=23512 n=10000  dur_dist_low=1 dur_dist_high=1140 dur_dist_scale=1,7,interval-tree,,5,14592,137,Unknown,clustered,-,U
813,2021-01-11T07:48:52Z,4b75f28,ironmaiden,experiments/real-world.yml,809,809,155,160.397786510546,74741064,Webkit,,1,random-None-uniform,seed=23512 n=10000  dur_dist_low=1 dur_dist_high=94670777924,7,interval-tree,,5,62345,277,duration,clustered,-,U
839,2021-01-11T08:27:08Z,4b75f28,ironmaiden,experiments/real-world.yml,809,835,155,386.070573700873,74741064,Webkit,,1,random-uniform-scaled-uniform-scaled-None,seed=23512 n=10000 start_low=1 start_high=6980952 start_scale=60000 dur_low=1 dur_high=31556925975 dur_scale=60000 ,7,interval-tree,,5,25902,276,Unknown,clustered,UU,-
865,2021-01-11T08:57:39Z,4b75f28,ironmaiden,experiments/real-world.yml,809,861,155,258.384579608289,74741064,Webkit,,1,random-uniform-scaled-uniform-scaled-uniform,seed=23512 n=10000 start_low=1 start_high=6980952 start_scale=60000 dur_low=1 dur_high=31556925975 dur_scale=60000 dur_dist_low=1 dur_dist_high=94670777924,7,interval-tree,,5,38702,277,Unknown,clustered,UU,U
891,2021-01-13T06:02:02Z,bbff1ba,ironmaiden,experiments/real-world.yml,897,897,155,631.153749053269,41428560,Tourism,,1,random-None-uniform,seed=23512 n=5000  dur_dist_low=1 dur_dist_high=120,7,interval-tree,,5,7922,134,duration,clustered,-,U
917,2021-01-13T06:03:53Z,bbff1ba,ironmaiden,experiments/real-world.yml,897,923,155,28089.8876404494,41428560,Tourism,,1,random-uniform-uniform-None,seed=23512 n=5000 start_low=1 start_high=2055 dur_low=1 dur_high=90 ,7,interval-tree,,5,178,134,Unknown,clustered,UU,-
943,2021-01-13T06:04:19Z,bbff1ba,ironmaiden,experiments/real-world.yml,897,949,155,33333.3333333333,41428560,Tourism,,1,random-uniform-uniform-uniform,seed=23512 n=5000 start_low=1 start_high=2055 dur_low=1 dur_high=90 dur_dist_low=1 dur_dist_high=120,7,interval-tree,,5,150,154,Unknown,clustered,UU,U
2122,2021-02-19T06:56:03Z,72c58c5,ironmaiden,experiments/real-world.yml,731,2168,155,52356.0209424084,30468688,Flight,,1,random-uniform-scaled-uniform-scaled-None,seed=23512 n=10000 start_low=1 start_high=666 start_scale=1440 dur_low=1 dur_high=744 dur_scale=60 ,7,interval-tree,,5,191,142,Unknown,clustered,UU,-
2192,2021-02-19T06:57:38Z,72c58c5,ironmaiden,experiments/real-world.yml,731,2238,155,43478.2608695652,30468688,Flight,,1,random-uniform-scaled-uniform-scaled-uniform-scaled,seed=23512 n=10000 start_low=1 start_high=666 start_scale=1440 dur_low=1 dur_high=744 dur_scale=60 dur_dist_low=1 dur_dist_high=1140 dur_dist_scale=1,7,interval-tree,,5,230,137,Unknown,clustered,UU,U
161,2021-01-08T17:36:38Z,88f79b3,ironmaiden,experiments/all.yml,1,1,161,1507.84077201448,1781368656,UZ,seed=123 n=10000000 start_low=1 start_high=10000000 dur_n=10000000 dur_beta=1,6,random-uniform-zipf-uniform,seed=23512 n=5000 start_low=1 start_high=10000000 dur_n=10000000 dur_beta=1 dur_dist_low=1 dur_dist_high=10000,7,period-index-*,n_buckets=128 max_levels=8,14,3316,6074,both,uniform,UZ,U
214,2021-01-08T18:38:34Z,88f79b3,ironmaiden,experiments/all.yml,76,1,159,1779.99288002848,1174339856,CZ,seed=123 n=10000000 start_n=10 start_high=10000000 start_stddev=100000 dur_n=10000000 dur_beta=1,6,random-uniform-zipf-uniform,seed=23512 n=5000 start_low=1 start_high=10000000 dur_n=10000000 dur_beta=1 dur_dist_low=1 dur_dist_high=10000,7,period-index-*,n_buckets=64 max_levels=8,14,2809,4498,both,clustered,UZ,U
167,2021-01-08T17:48:49Z,88f79b3,ironmaiden,experiments/all.yml,1,16,156,239.314602977074,570996496,UZ,seed=123 n=10000000 start_low=1 start_high=10000000 dur_n=10000000 dur_beta=1,6,random-uniform-zipf-None,seed=23512 n=5000 start_low=1 start_high=10000000 dur_n=10000000 dur_beta=1 ,7,period-index-*,n_buckets=32 max_levels=4,14,20893,2803,time,uniform,UZ,-
222,2021-01-08T18:50:22Z,88f79b3,ironmaiden,experiments/all.yml,76,16,156,217.855431135898,669815008,CZ,seed=123 n=10000000 start_n=10 start_high=10000000 start_stddev=100000 dur_n=10000000 dur_beta=1,6,random-uniform-zipf-None,seed=23512 n=5000 start_low=1 start_high=10000000 dur_n=10000000 dur_beta=1 ,7,period-index-*,n_buckets=32 max_levels=4,14,22951,2657,time,clustered,UZ,-
183,2021-01-08T17:54:46Z,88f79b3,ironmaiden,experiments/all.yml,1,31,161,1247.81632143748,1781368656,UZ,seed=123 n=10000000 start_low=1 start_high=10000000 dur_n=10000000 dur_beta=1,6,random-clustered-zipf-uniform,seed=23512 n=5000 start_n=10 start_high=10000000 start_stddev=100000 dur_n=10000000 dur_beta=1 dur_dist_low=1 dur_dist_high=10000,7,period-index-*,n_buckets=128 max_levels=8,14,4007,6172,both,uniform,CZ,U
236,2021-01-08T18:56:07Z,88f79b3,ironmaiden,experiments/all.yml,76,31,159,1378.54976564654,1174339856,CZ,seed=123 n=10000000 start_n=10 start_high=10000000 start_stddev=100000 dur_n=10000000 dur_beta=1,6,random-clustered-zipf-uniform,seed=23512 n=5000 start_n=10 start_high=10000000 start_stddev=100000 dur_n=10000000 dur_beta=1 dur_dist_low=1 dur_dist_high=10000,7,period-index-*,n_buckets=64 max_levels=8,14,3627,4542,both,clustered,CZ,U
189,2021-01-08T18:07:18Z,88f79b3,ironmaiden,experiments/all.yml,1,46,156,215.016771308162,570996496,UZ,seed=123 n=10000000 start_low=1 start_high=10000000 dur_n=10000000 dur_beta=1,6,random-clustered-zipf-None,seed=23512 n=5000 start_n=10 start_high=10000000 start_stddev=100000 dur_n=10000000 dur_beta=1 ,7,period-index-*,n_buckets=32 max_levels=4,14,23254,2409,time,uniform,CZ,-
244,2021-01-08T19:08:59Z,88f79b3,ironmaiden,experiments/all.yml,76,46,156,173.208161568573,669815008,CZ,seed=123 n=10000000 start_n=10 start_high=10000000 start_stddev=100000 dur_n=10000000 dur_beta=1,6,random-clustered-zipf-None,seed=23512 n=5000 start_n=10 start_high=10000000 start_stddev=100000 dur_n=10000000 dur_beta=1 ,7,period-index-*,n_buckets=32 max_levels=4,14,28867,2658,time,clustered,CZ,-
205,2021-01-08T18:35:38Z,88f79b3,ironmaiden,experiments/all.yml,1,61,161,66.9738534076297,1781368656,UZ,seed=123 n=10000000 start_low=1 start_high=10000000 dur_n=10000000 dur_beta=1,6,random-None-uniform,seed=23512 n=5000  dur_dist_low=1 dur_dist_high=10000,7,period-index-*,n_buckets=128 max_levels=8,14,74656,6171,duration,uniform,-,U
258,2021-01-08T19:31:45Z,88f79b3,ironmaiden,experiments/all.yml,76,61,159,67.7139761646804,1174339856,CZ,seed=123 n=10000000 start_n=10 start_high=10000000 start_stddev=100000 dur_n=10000000 dur_beta=1,6,random-None-uniform,seed=23512 n=5000  dur_dist_low=1 dur_dist_high=10000,7,period-index-*,n_buckets=64 max_levels=8,14,73840,4434,duration,clustered,-,U
737,2021-01-11T07:45:05Z,4b75f28,ironmaiden,experiments/real-world.yml,731,731,157,542.71138608488,43061328,Flight,,1,random-None-uniform-scaled,seed=23512 n=10000  dur_dist_low=1 dur_dist_high=1140 dur_dist_scale=1,7,period-index-*,n_buckets=32 max_levels=8,14,18426,95,Unknown,clustered,-,U
815,2021-01-11T07:52:22Z,4b75f28,ironmaiden,experiments/real-world.yml,809,809,157,69.727713279643,192487312,Webkit,,1,random-None-uniform,seed=23512 n=10000  dur_dist_low=1 dur_dist_high=94670777924,7,period-index-*,n_buckets=32 max_levels=8,14,143415,549,duration,clustered,-,U
840,2021-01-11T08:27:35Z,4b75f28,ironmaiden,experiments/real-world.yml,809,835,156,82.7855688196434,184116864,Webkit,,1,random-uniform-scaled-uniform-scaled-None,seed=23512 n=10000 start_low=1 start_high=6980952 start_scale=60000 dur_low=1 dur_high=31556925975 dur_scale=60000 ,7,period-index-*,n_buckets=32 max_levels=4,14,120794,543,Unknown,clustered,UU,-
867,2021-01-11T09:00:27Z,4b75f28,ironmaiden,experiments/real-world.yml,809,861,157,79.1966293914531,192487312,Webkit,,1,random-uniform-scaled-uniform-scaled-uniform,seed=23512 n=10000 start_low=1 start_high=6980952 start_scale=60000 dur_low=1 dur_high=31556925975 dur_scale=60000 dur_dist_low=1 dur_dist_high=94670777924,7,period-index-*,n_buckets=32 max_levels=8,14,126268,641,Unknown,clustered,UU,U
893,2021-01-13T06:02:18Z,bbff1ba,ironmaiden,experiments/real-world.yml,897,897,157,757.690559175633,45701280,Tourism,,1,random-None-uniform,seed=23512 n=5000  dur_dist_low=1 dur_dist_high=120,7,period-index-*,n_buckets=32 max_levels=8,14,6599,134,duration,clustered,-,U
919,2021-01-13T06:03:56Z,bbff1ba,ironmaiden,experiments/real-world.yml,897,923,157,6459.94832041344,45701280,Tourism,,1,random-uniform-uniform-None,seed=23512 n=5000 start_low=1 start_high=2055 dur_low=1 dur_high=90 ,7,period-index-*,n_buckets=32 max_levels=8,14,774,153,Unknown,clustered,UU,-
945,2021-01-13T06:04:20Z,bbff1ba,ironmaiden,experiments/real-world.yml,897,949,157,27932.9608938547,45701280,Tourism,,1,random-uniform-uniform-uniform,seed=23512 n=5000 start_low=1 start_high=2055 dur_low=1 dur_high=90 dur_dist_low=1 dur_dist_high=120,7,period-index-*,n_buckets=32 max_levels=8,14,179,135,Unknown,clustered,UU,U
2123,2021-02-19T06:56:04Z,72c58c5,ironmaiden,experiments/real-world.yml,731,2168,156,14925.3731343284,27399072,Flight,,1,random-uniform-scaled-uniform-scaled-None,seed=23512 n=10000 start_low=1 start_high=666 start_scale=1440 dur_low=1 dur_high=744 dur_scale=60 ,7,period-index-*,n_buckets=32 max_levels=4,14,670,83,Unknown,clustered,UU,-
2194,2021-02-19T06:57:41Z,72c58c5,ironmaiden,experiments/real-world.yml,731,2238,157,30769.2307692308,43061328,Flight,,1,random-uniform-scaled-uniform-scaled-uniform-scaled,seed=23512 n=10000 start_low=1 start_high=666 start_scale=1440 dur_low=1 dur_high=744 dur_scale=60 dur_dist_low=1 dur_dist_high=1140 dur_dist_scale=1,7,period-index-*,n_buckets=32 max_levels=8,14,325,94,Unknown,clustered,UU,U
1138,2021-02-17T13:47:41Z,72c58c5,ironmaiden,experiments/all.yml,1,1,1176,17123.2876712329,162649184,UZ,seed=123 n=10000000 start_low=1 start_high=10000000 dur_n=10000000 dur_beta=1,6,random-uniform-zipf-uniform,seed=23512 n=5000 start_low=1 start_high=10000000 dur_n=10000000 dur_beta=1 dur_dist_low=1 dur_dist_high=10000,7,rd-index-dt,dimension_order=DurationTime page_size=200,1,292,819,both,uniform,UZ,U
1288,2021-02-17T14:27:20Z,72c58c5,ironmaiden,experiments/all.yml,76,1,1176,20242.9149797571,162649184,CZ,seed=123 n=10000000 start_n=10 start_high=10000000 start_stddev=100000 dur_n=10000000 dur_beta=1,6,random-uniform-zipf-uniform,seed=23512 n=5000 start_low=1 start_high=10000000 dur_n=10000000 dur_beta=1 dur_dist_low=1 dur_dist_high=10000,7,rd-index-dt,dimension_order=DurationTime page_size=200,1,247,836,both,clustered,UZ,U
1171,2021-02-17T13:58:52Z,72c58c5,ironmaiden,experiments/all.yml,1,16,1179,606.722485135299,160865888,UZ,seed=123 n=10000000 start_low=1 start_high=10000000 dur_n=10000000 dur_beta=1,6,random-uniform-zipf-None,seed=23512 n=5000 start_low=1 start_high=10000000 dur_n=10000000 dur_beta=1 ,7,rd-index-dt,dimension_order=DurationTime page_size=500,1,8241,884,time,uniform,UZ,-
1321,2021-02-17T14:38:47Z,72c58c5,ironmaiden,experiments/all.yml,76,16,1179,612.294881214793,160865888,CZ,seed=123 n=10000000 start_n=10 start_high=10000000 start_stddev=100000 dur_n=10000000 dur_beta=1,6,random-uniform-zipf-None,seed=23512 n=5000 start_low=1 start_high=10000000 dur_n=10000000 dur_beta=1 ,7,rd-index-dt,dimension_order=DurationTime page_size=500,1,8166,901,time,clustered,UZ,-
1198,2021-02-17T14:00:50Z,72c58c5,ironmaiden,experiments/all.yml,1,31,1176,14124.2937853107,162649184,UZ,seed=123 n=10000000 start_low=1 start_high=10000000 dur_n=10000000 dur_beta=1,6,random-clustered-zipf-uniform,seed=23512 n=5000 start_n=10 start_high=10000000 start_stddev=100000 dur_n=10000000 dur_beta=1 dur_dist_low=1 dur_dist_high=10000,7,rd-index-dt,dimension_order=DurationTime page_size=200,1,354,820,both,uniform,CZ,U
1348,2021-02-17T14:41:04Z,72c58c5,ironmaiden,experiments/all.yml,76,31,1176,15290.5198776758,162649184,CZ,seed=123 n=10000000 start_n=10 start_high=10000000 start_stddev=100000 dur_n=10000000 dur_beta=1,6,random-clustered-zipf-uniform,seed=23512 n=5000 start_n=10 start_high=10000000 start_stddev=100000 dur_n=10000000 dur_beta=1 dur_dist_low=1 dur_dist_high=10000,7,rd-index-dt,dimension_order=DurationTime page_size=200,1,327,890,both,clustered,CZ,U
1231,2021-02-17T14:12:09Z,72c58c5,ironmaiden,experiments/all.yml,1,46,1179,581.260172053011,160865888,UZ,seed=123 n=10000000 start_low=1 start_high=10000000 dur_n=10000000 dur_beta=1,6,random-clustered-zipf-None,seed=23512 n=5000 start_n=10 start_high=10000000 start_stddev=100000 dur_n=10000000 dur_beta=1 ,7,rd-index-dt,dimension_order=DurationTime page_size=500,1,8602,917,time,uniform,CZ,-
1381,2021-02-17T14:54:21Z,72c58c5,ironmaiden,experiments/all.yml,76,46,1179,479.984640491504,160865888,CZ,seed=123 n=10000000 start_n=10 start_high=10000000 start_stddev=100000 dur_n=10000000 dur_beta=1,6,random-clustered-zipf-None,seed=23512 n=5000 start_n=10 start_high=10000000 start_stddev=100000 dur_n=10000000 dur_beta=1 ,7,rd-index-dt,dimension_order=DurationTime page_size=500,1,10417,905,time,clustered,CZ,-
1250,2021-02-17T14:23:45Z,72c58c5,ironmaiden,experiments/all.yml,1,61,1168,749.288176232579,177001952,UZ,seed=123 n=10000000 start_low=1 start_high=10000000 dur_n=10000000 dur_beta=1,6,random-None-uniform,seed=23512 n=5000  dur_dist_low=1 dur_dist_high=10000,7,rd-index-dt,dimension_order=DurationTime page_size=30,1,6673,767,duration,uniform,-,U
1400,2021-02-17T15:05:42Z,72c58c5,ironmaiden,experiments/all.yml,76,61,1168,759.301442672741,177001952,CZ,seed=123 n=10000000 start_n=10 start_high=10000000 start_stddev=100000 dur_n=10000000 dur_beta=1,6,random-None-uniform,seed=23512 n=5000  dur_dist_low=1 dur_dist_high=10000,7,rd-index-dt,dimension_order=DurationTime page_size=30,1,6585,743,duration,clustered,-,U
2104,2021-02-19T06:55:04Z,72c58c5,ironmaiden,experiments/real-world.yml,731,731,1166,4248.08836023789,14558400,Flight,,1,random-None-uniform-scaled,seed=23512 n=10000  dur_dist_low=1 dur_dist_high=1140 dur_dist_scale=1,7,rd-index-dt,dimension_order=DurationTime page_size=10,1,2354,35,Unknown,clustered,-,U
2276,2021-02-19T07:09:11Z,72c58c5,ironmaiden,experiments/real-world.yml,809,809,1168,2534.21186011151,26647664,Webkit,,1,random-None-uniform,seed=23512 n=10000  dur_dist_low=1 dur_dist_high=94670777924,7,rd-index-dt,dimension_order=DurationTime page_size=30,1,3946,101,duration,clustered,-,U
2317,2021-02-19T07:24:43Z,72c58c5,ironmaiden,experiments/real-world.yml,809,835,1179,470.035252643948,24905424,Webkit,,1,random-uniform-scaled-uniform-scaled-None,seed=23512 n=10000 start_low=1 start_high=6980952 start_scale=60000 dur_low=1 dur_high=31556925975 dur_scale=60000 ,7,rd-index-dt,dimension_order=DurationTime page_size=500,1,21275,118,Unknown,clustered,UU,-
2339,2021-02-19T07:27:22Z,72c58c5,ironmaiden,experiments/real-world.yml,809,861,1171,3125,25749656,Webkit,,1,random-uniform-scaled-uniform-scaled-uniform,seed=23512 n=10000 start_low=1 start_high=6980952 start_scale=60000 dur_low=1 dur_high=31556925975 dur_scale=60000 dur_dist_low=1 dur_dist_high=94670777924,7,rd-index-dt,dimension_order=DurationTime page_size=60,1,3200,102,Unknown,clustered,UU,U
2366,2021-02-19T07:28:32Z,72c58c5,ironmaiden,experiments/real-world.yml,897,897,1168,6305.17023959647,13730448,Tourism,,1,random-None-uniform,seed=23512 n=5000  dur_dist_low=1 dur_dist_high=120,7,rd-index-dt,dimension_order=DurationTime page_size=30,1,793,36,duration,clustered,-,U
2407,2021-02-19T07:29:11Z,72c58c5,ironmaiden,experiments/real-world.yml,897,923,1179,28248.5875706215,13443856,Tourism,,1,random-uniform-uniform-None,seed=23512 n=5000 start_low=1 start_high=2055 dur_low=1 dur_high=90 ,7,rd-index-dt,dimension_order=DurationTime page_size=500,1,177,29,Unknown,clustered,UU,-
2424,2021-02-19T07:29:21Z,72c58c5,ironmaiden,experiments/real-world.yml,897,949,1166,238095.238095238,13815864,Tourism,,1,random-uniform-uniform-uniform,seed=23512 n=5000 start_low=1 start_high=2055 dur_low=1 dur_high=90 dur_dist_low=1 dur_dist_high=120,7,rd-index-dt,dimension_order=DurationTime page_size=10,1,21,28,Unknown,clustered,UU,U
2185,2021-02-19T06:57:30Z,72c58c5,ironmaiden,experiments/real-world.yml,731,2168,1177,57471.2643678161,11111808,Flight,,1,random-uniform-scaled-uniform-scaled-None,seed=23512 n=10000 start_low=1 start_high=666 start_scale=1440 dur_low=1 dur_high=744 dur_scale=60 ,7,rd-index-dt,dimension_order=DurationTime page_size=300,1,174,47,Unknown,clustered,UU,-
2253,2021-02-19T06:58:44Z,72c58c5,ironmaiden,experiments/real-world.yml,731,2238,1175,227272.727272727,11345088,Flight,,1,random-uniform-scaled-uniform-scaled-uniform-scaled,seed=23512 n=10000 start_low=1 start_high=666 start_scale=1440 dur_low=1 dur_high=744 dur_scale=60 dur_dist_low=1 dur_dist_high=1140 dur_dist_scale=1,7,rd-index-dt,dimension_order=DurationTime page_size=100,1,44,35,Unknown,clustered,UU,U
1126,2021-02-17T13:47:16Z,72c58c5,ironmaiden,experiments/all.yml,1,1,1164,15015.015015015,160824928,UZ,seed=123 n=10000000 start_low=1 start_high=10000000 dur_n=10000000 dur_beta=1,6,random-uniform-zipf-uniform,seed=23512 n=5000 start_low=1 start_high=10000000 dur_n=10000000 dur_beta=1 dur_dist_low=1 dur_dist_high=10000,7,rd-index-td,dimension_order=TimeDuration page_size=500,1,333,1027,both,uniform,UZ,U
1276,2021-02-17T14:26:53Z,72c58c5,ironmaiden,experiments/all.yml,76,1,1164,17421.6027874564,160824968,CZ,seed=123 n=10000000 start_n=10 start_high=10000000 start_stddev=100000 dur_n=10000000 dur_beta=1,6,random-uniform-zipf-uniform,seed=23512 n=5000 start_low=1 start_high=10000000 dur_n=10000000 dur_beta=1 dur_dist_low=1 dur_dist_high=10000,7,rd-index-td,dimension_order=TimeDuration page_size=500,1,287,1007,both,clustered,UZ,U
1156,2021-02-17T13:52:45Z,72c58c5,ironmaiden,experiments/all.yml,1,16,1164,478.881333205632,160824928,UZ,seed=123 n=10000000 start_low=1 start_high=10000000 dur_n=10000000 dur_beta=1,6,random-uniform-zipf-None,seed=23512 n=5000 start_low=1 start_high=10000000 dur_n=10000000 dur_beta=1 ,7,rd-index-td,dimension_order=TimeDuration page_size=500,1,10441,1021,time,uniform,UZ,-
1306,2021-02-17T14:32:44Z,72c58c5,ironmaiden,experiments/all.yml,76,16,1164,486.239424292522,160824968,CZ,seed=123 n=10000000 start_n=10 start_high=10000000 start_stddev=100000 dur_n=10000000 dur_beta=1,6,random-uniform-zipf-None,seed=23512 n=5000 start_low=1 start_high=10000000 dur_n=10000000 dur_beta=1 ,7,rd-index-td,dimension_order=TimeDuration page_size=500,1,10283,1005,time,clustered,UZ,-
1186,2021-02-17T14:00:24Z,72c58c5,ironmaiden,experiments/all.yml,1,31,1164,13227.5132275132,160824928,UZ,seed=123 n=10000000 start_low=1 start_high=10000000 dur_n=10000000 dur_beta=1,6,random-clustered-zipf-uniform,seed=23512 n=5000 start_n=10 start_high=10000000 start_stddev=100000 dur_n=10000000 dur_beta=1 dur_dist_low=1 dur_dist_high=10000,7,rd-index-td,dimension_order=TimeDuration page_size=500,1,378,1024,both,uniform,CZ,U
1336,2021-02-17T14:40:36Z,72c58c5,ironmaiden,experiments/all.yml,76,31,1164,13698.6301369863,160824968,CZ,seed=123 n=10000000 start_n=10 start_high=10000000 start_stddev=100000 dur_n=10000000 dur_beta=1,6,random-clustered-zipf-uniform,seed=23512 n=5000 start_n=10 start_high=10000000 start_stddev=100000 dur_n=10000000 dur_beta=1 dur_dist_low=1 dur_dist_high=10000,7,rd-index-td,dimension_order=TimeDuration page_size=500,1,365,1003,both,clustered,CZ,U
1216,2021-02-17T14:05:43Z,72c58c5,ironmaiden,experiments/all.yml,1,46,1164,464.295663478503,160824928,UZ,seed=123 n=10000000 start_low=1 start_high=10000000 dur_n=10000000 dur_beta=1,6,random-clustered-zipf-None,seed=23512 n=5000 start_n=10 start_high=10000000 start_stddev=100000 dur_n=10000000 dur_beta=1 ,7,rd-index-td,dimension_order=TimeDuration page_size=500,1,10769,1024,time,uniform,CZ,-
1366,2021-02-17T14:47:21Z,72c58c5,ironmaiden,experiments/all.yml,76,46,1164,378.21482602118,160824968,CZ,seed=123 n=10000000 start_n=10 start_high=10000000 start_stddev=100000 dur_n=10000000 dur_beta=1,6,random-clustered-zipf-None,seed=23512 n=5000 start_n=10 start_high=10000000 start_stddev=100000 dur_n=10000000 dur_beta=1 ,7,rd-index-td,dimension_order=TimeDuration page_size=500,1,13220,1006,time,clustered,CZ,-
1246,2021-02-17T14:23:05Z,72c58c5,ironmaiden,experiments/all.yml,1,61,1164,840.194925222652,160824928,UZ,seed=123 n=10000000 start_low=1 start_high=10000000 dur_n=10000000 dur_beta=1,6,random-None-uniform,seed=23512 n=5000  dur_dist_low=1 dur_dist_high=10000,7,rd-index-td,dimension_order=TimeDuration page_size=500,1,5951,1025,duration,uniform,-,U
1396,2021-02-17T15:05:05Z,72c58c5,ironmaiden,experiments/all.yml,76,61,1164,838.785438684784,160824968,CZ,seed=123 n=10000000 start_n=10 start_high=10000000 start_stddev=100000 dur_n=10000000 dur_beta=1,6,random-None-uniform,seed=23512 n=5000  dur_dist_low=1 dur_dist_high=10000,7,rd-index-td,dimension_order=TimeDuration page_size=500,1,5961,1033,duration,clustered,-,U
2099,2021-02-19T06:54:48Z,72c58c5,ironmaiden,experiments/real-world.yml,731,731,1161,4198.15281276238,11135680,Flight,,1,random-None-uniform-scaled,seed=23512 n=10000  dur_dist_low=1 dur_dist_high=1140 dur_dist_scale=1,7,rd-index-td,dimension_order=TimeDuration page_size=200,1,2382,41,Unknown,clustered,-,U
2272,2021-02-19T07:08:50Z,72c58c5,ironmaiden,experiments/real-world.yml,809,809,1164,2540.65040650406,24887504,Webkit,,1,random-None-uniform,seed=23512 n=10000  dur_dist_low=1 dur_dist_high=94670777924,7,rd-index-td,dimension_order=TimeDuration page_size=500,1,3936,115,duration,clustered,-,U
2301,2021-02-19T07:16:50Z,72c58c5,ironmaiden,experiments/real-world.yml,809,835,1163,402.641327105814,24954768,Webkit,,1,random-uniform-scaled-uniform-scaled-None,seed=23512 n=10000 start_low=1 start_high=6980952 start_scale=60000 dur_low=1 dur_high=31556925975 dur_scale=60000 ,7,rd-index-td,dimension_order=TimeDuration page_size=400,1,24836,113,Unknown,clustered,UU,-
2332,2021-02-19T07:26:49Z,72c58c5,ironmaiden,experiments/real-world.yml,809,861,1164,3178.63954227591,24887504,Webkit,,1,random-uniform-scaled-uniform-scaled-uniform,seed=23512 n=10000 start_low=1 start_high=6980952 start_scale=60000 dur_low=1 dur_high=31556925975 dur_scale=60000 dur_dist_low=1 dur_dist_high=94670777924,7,rd-index-td,dimension_order=TimeDuration page_size=500,1,3146,118,Unknown,clustered,UU,U
2362,2021-02-19T07:28:27Z,72c58c5,ironmaiden,experiments/real-world.yml,897,897,1164,6234.41396508728,13366704,Tourism,,1,random-None-uniform,seed=23512 n=5000  dur_dist_low=1 dur_dist_high=120,7,rd-index-td,dimension_order=TimeDuration page_size=500,1,802,35,duration,clustered,-,U
2380,2021-02-19T07:28:51Z,72c58c5,ironmaiden,experiments/real-world.yml,897,923,1152,27322.4043715847,13816624,Tourism,,1,random-uniform-uniform-None,seed=23512 n=5000 start_low=1 start_high=2055 dur_low=1 dur_high=90 ,7,rd-index-td,dimension_order=TimeDuration page_size=20,1,183,28,Unknown,clustered,UU,-
2412,2021-02-19T07:29:14Z,72c58c5,ironmaiden,experiments/real-world.yml,897,949,1154,227272.727272727,13644848,Tourism,,1,random-uniform-uniform-uniform,seed=23512 n=5000 start_low=1 start_high=2055 dur_low=1 dur_high=90 dur_dist_low=1 dur_dist_high=120,7,rd-index-td,dimension_order=TimeDuration page_size=40,1,22,29,Unknown,clustered,UU,U
2162,2021-02-19T06:57:06Z,72c58c5,ironmaiden,experiments/real-world.yml,731,2168,1154,55248.6187845304,12104640,Flight,,1,random-uniform-scaled-uniform-scaled-None,seed=23512 n=10000 start_low=1 start_high=666 start_scale=1440 dur_low=1 dur_high=744 dur_scale=60 ,7,rd-index-td,dimension_order=TimeDuration page_size=40,1,181,46,Unknown,clustered,UU,-
2237,2021-02-19T06:58:30Z,72c58c5,ironmaiden,experiments/real-world.yml,731,2238,1159,238095.238095238,11403968,Flight,,1,random-uniform-scaled-uniform-scaled-uniform-scaled,seed=23512 n=10000 start_low=1 start_high=666 start_scale=1440 dur_low=1 dur_high=744 dur_scale=60 dur_dist_low=1 dur_dist_high=1140 dur_dist_scale=1,7,rd-index-td,dimension_order=TimeDuration page_size=90,1,42,42,Unknown,clustered,UU,U
